paragraph_id,asset_id,label,labeller,labelled_at,sample_id
34338772:p00689,access_connectivity,true,dev,2026-09-16,training-20260915-s1
34394311:p00139,submarine_cable,true,dev,2026-09-16,training-20260915-s1
40087727:p00252,access_connectivity,false,dev,2026-09-16,training-20260915-s1
32159893:p00363,cybersecurity,false,dev,2026-09-16,training-20260915-s1
33602788:p00249,cybersecurity,true,dev,2026-09-16,training-20260915-s1
31747152:p00503,drm_ews,false,dev,2026-09-16,training-20260915-s1
32108178:p00279,cybersecurity,false,dev,2026-09-16,training-20260915-s1
33753850:p00253,data_hosting,false,dev,2026-09-16,training-20260915-s1
33819612:p00269,drm_ews,false,dev,2026-09-16,training-20260915-s1
40013198:p00272,dpi,false,dev,2026-09-16,training-20260915-s1
33812956:p00189,cybersecurity,true,dev,2026-09-16,training-20260915-s1
34295403:p00206,mobile_towers,false,dev,2026-09-16,training-20260915-s1
32527137:p00335,cybersecurity,false,dev,2026-09-16,training-20260915-s1
34222788:p00237,submarine_cable,false,dev,2026-09-16,training-20260915-s1
40087727:p00258,access_connectivity,false,dev,2026-09-16,training-20260915-s1
33706639:p00324,access_connectivity,true,dev,2026-09-16,training-20260915-s1
34388773:p00119,access_connectivity,false,dev,2026-09-16,training-20260915-s1
34394311:p00139,cybersecurity,false,dev,2026-09-16,training-20260915-s1
40109413:p00169,mobile_towers,false,dev,2026-09-16,training-20260915-s1
32971756:p00523,drm_ews,false,dev,2026-09-16,training-20260915-s1
33815663:p00158,data_hosting,true,dev,2026-09-16,training-20260915-s1
40052992:p00160,cybersecurity,false,dev,2026-09-16,training-20260915-s1
34338772:p00725,access_connectivity,false,dev,2026-09-16,training-20260915-s1
40110459:p00328,access_connectivity,false,dev,2026-09-16,training-20260915-s1
34394311:p00138,fiber,false,dev,2026-09-16,training-20260915-s1
33815663:p00150,access_connectivity,true,dev,2026-09-16,training-20260915-s1
31747152:p00203,cybersecurity,false,dev,2026-09-16,training-20260915-s1
33937854:p00146,data_hosting,true,dev,2026-09-16,training-20260915-s1
33835348:p00499,drm_ews,false,dev,2026-09-16,training-20260915-s1
34254903:p00109,drm_ews,false,dev,2026-09-16,training-20260915-s1
34428613:p00337,data_hosting,false,dev,2026-09-16,training-20260915-s1
33835348:p00180,cybersecurity,false,dev,2026-09-16,training-20260915-s1
33813209:p00183,fiber,false,dev,2026-09-16,training-20260915-s1
32971756:p00523,access_connectivity,false,dev,2026-09-16,training-20260915-s1
34441286:p00049,data_hosting,false,dev,2026-09-16,training-20260915-s1
34310682:p00378,access_connectivity,false,dev,2026-09-16,training-20260915-s1
31747152:p00578,submarine_cable,false,dev,2026-09-16,training-20260915-s1
34022655:p00490,fiber,false,dev,2026-09-16,training-20260915-s1
34310682:p00378,submarine_cable,false,dev,2026-09-16,training-20260915-s1
33753850:p00164,submarine_cable,false,dev,2026-09-16,training-20260915-s1
33819612:p00162,dpi,true,dev,2026-09-16,training-20260915-s1
34196134:p00229,access_connectivity,false,dev,2026-09-16,training-20260915-s1
34049907:p00224,access_connectivity,true,dev,2026-09-16,training-20260915-s1
34049898:p00390,cybersecurity,false,dev,2026-09-16,training-20260915-s1
31747152:p00203,dpi,true,dev,2026-09-16,training-20260915-s1
33815663:p00150,cybersecurity,false,dev,2026-09-16,training-20260915-s1
34428613:p00135,cybersecurity,false,dev,2026-09-16,training-20260915-s1
33815663:p00277,dpi,false,dev,2026-09-16,training-20260915-s1
34222788:p00237,dpi,false,dev,2026-09-16,training-20260915-s1
31866361:p00257,mobile_towers,false,dev,2026-09-16,training-20260915-s1
34338772:p00741,fiber,false,dev,2026-09-16,training-20260915-s1
32971756:p00393,mobile_towers,false,dev,2026-09-16,training-20260915-s1
31747152:p00371,cybersecurity,false,dev,2026-09-16,training-20260915-s1
33815663:p00375,cybersecurity,false,dev,2026-09-16,training-20260915-s1
33815663:p00277,cybersecurity,false,dev,2026-09-16,training-20260915-s1
34022655:p00490,drm_ews,false,dev,2026-09-16,training-20260915-s1
40081106:p00085,submarine_cable,false,dev,2026-09-16,training-20260915-s1
31167658:p00199,drm_ews,true,dev,2026-09-16,training-20260915-s1
33835349:p00224,data_hosting,true,dev,2026-09-16,training-20260915-s1
34310682:p00134,mobile_towers,false,dev,2026-09-16,training-20260915-s1
33118666:p00222,access_connectivity,false,dev,2026-09-16,training-20260915-s1
31167658:p00524,mobile_towers,false,dev,2026-09-16,training-20260915-s1
34428613:p00238,fiber,false,dev,2026-09-16,training-20260915-s1
31338295:p00161,mobile_towers,false,dev,2026-09-16,training-20260915-s1
31747152:p00578,dpi,false,dev,2026-09-16,training-20260915-s1
31167658:p00524,fiber,false,dev,2026-09-16,training-20260915-s1
34295403:p00206,data_hosting,false,dev,2026-09-16,training-20260915-s1
33835348:p00186,fiber,false,dev,2026-09-16,training-20260915-s1
31866361:p00262,fiber,true,dev,2026-09-16,training-20260915-s1
33985963:p00205,mobile_towers,false,dev,2026-09-16,training-20260915-s1
32971756:p00393,drm_ews,false,dev,2026-09-16,training-20260915-s1
40052992:p00160,mobile_towers,true,dev,2026-09-16,training-20260915-s1
33053299:p00254,fiber,true,dev,2026-09-16,training-20260915-s1
33819612:p00162,fiber,false,dev,2026-09-16,training-20260915-s1
31889872:p00454,dpi,false,dev,2026-09-16,training-20260915-s1
40109413:p00191,fiber,false,dev,2026-09-16,training-20260915-s1
33815663:p00226,mobile_towers,false,dev,2026-09-16,training-20260915-s1
32527137:p00335,dpi,true,dev,2026-09-16,training-20260915-s1
32971756:p00314,mobile_towers,false,dev,2026-09-16,training-20260915-s1
32626249:p00359,access_connectivity,false,dev,2026-09-16,training-20260915-s1
31866361:p00262,drm_ews,false,dev,2026-09-16,training-20260915-s1
34022655:p00322,access_connectivity,false,dev,2026-09-16,training-20260915-s1
34194833:p00292,dpi,false,dev,2026-09-16,training-20260915-s1
31866361:p00257,fiber,true,dev,2026-09-16,training-20260915-s1
34394311:p00138,cybersecurity,false,dev,2026-09-16,training-20260915-s1
40077325:p00041,fiber,false,dev,2026-09-16,training-20260915-s1
31866361:p00261,submarine_cable,false,dev,2026-09-16,training-20260915-s1
33815663:p00141,drm_ews,false,dev,2026-09-16,training-20260915-s1
40115059:p00715,cybersecurity,false,dev,2026-09-16,training-20260915-s1
33985963:p00143,fiber,false,dev,2026-09-16,training-20260915-s1
31747152:p00229,data_hosting,false,dev,2026-09-16,training-20260915-s1
40013198:p00272,mobile_towers,false,dev,2026-09-16,training-20260915-s1
33107441:p00630,data_hosting,false,dev,2026-09-16,training-20260915-s1
31747152:p00371,dpi,false,dev,2026-09-16,training-20260915-s1
34394311:p00134,fiber,true,dev,2026-09-16,training-20260915-s1
34397339:p00156,drm_ews,true,dev,2026-09-16,training-20260915-s1
31747152:p00503,fiber,false,dev,2026-09-16,training-20260915-s1
33844146:p00139,mobile_towers,false,dev,2026-09-16,training-20260915-s1
31889872:p00194,dpi,false,dev,2026-09-16,training-20260915-s1
40109413:p00191,drm_ews,false,dev,2026-09-16,training-20260915-s1
40087727:p00317,access_connectivity,false,dev,2026-09-16,training-20260915-s1
34022655:p00176,cybersecurity,false,dev,2026-09-16,training-20260915-s1
34394311:p00142,fiber,true,dev,2026-09-16,training-20260915-s1
34196134:p00229,drm_ews,false,dev,2026-09-16,training-20260915-s1
34194833:p00292,cybersecurity,false,dev,2026-09-16,training-20260915-s1
31866361:p00261,fiber,true,dev,2026-09-16,training-20260915-s1
33835349:p00224,mobile_towers,false,dev,2026-09-16,training-20260915-s1
32626249:p00168,fiber,false,dev,2026-09-16,training-20260915-s1
34338772:p00718,access_connectivity,true,dev,2026-09-16,training-20260915-s1
31866361:p00158,drm_ews,true,dev,2026-09-16,training-20260915-s1
33937854:p00435,fiber,true,dev,2026-09-16,training-20260915-s1
31747152:p00203,submarine_cable,false,dev,2026-09-16,training-20260915-s1
33985963:p00240,drm_ews,false,dev,2026-09-16,training-20260915-s1
33819612:p00162,access_connectivity,false,dev,2026-09-16,training-20260915-s1
32971756:p00393,access_connectivity,false,dev,2026-09-16,training-20260915-s1
33937854:p00189,fiber,false,dev,2026-09-16,training-20260915-s1
33835349:p00224,access_connectivity,false,dev,2026-09-16,training-20260915-s1
31747152:p00578,access_connectivity,false,dev,2026-09-16,training-20260915-s1
40013198:p00272,drm_ews,false,dev,2026-09-16,training-20260915-s1
33844146:p00154,mobile_towers,false,dev,2026-09-16,training-20260915-s1
40031410:p00066,cybersecurity,true,dev,2026-09-16,training-20260915-s1
33819612:p00162,data_hosting,false,dev,2026-09-16,training-20260915-s1
40034360:p00128,data_hosting,false,dev,2026-09-16,training-20260915-s1
32626249:p00139,mobile_towers,true,dev,2026-09-16,training-20260915-s1
40081106:p00085,fiber,false,dev,2026-09-16,training-20260915-s1
34310682:p00191,mobile_towers,false,dev,2026-09-16,training-20260915-s1
40007594:p00099,data_hosting,false,dev,2026-09-16,training-20260915-s1
33118666:p00509,access_connectivity,false,dev,2026-09-16,training-20260915-s1
40007594:p00099,submarine_cable,false,dev,2026-09-16,training-20260915-s1
33706639:p00248,access_connectivity,false,dev,2026-09-16,training-20260915-s1
33345981:p00274,fiber,false,dev,2026-09-16,training-20260915-s1
33862093:p00175,mobile_towers,false,dev,2026-09-16,training-20260915-s1
32321387:p00395,cybersecurity,false,dev,2026-09-16,training-20260915-s1
34388773:p00123,mobile_towers,false,dev,2026-09-16,training-20260915-s1
33345981:p00263,drm_ews,false,dev,2026-09-16,training-20260915-s1
33822742:p00175,dpi,false,dev,2026-09-16,training-20260915-s1
33937854:p00447,drm_ews,false,dev,2026-09-16,training-20260915-s1
32626249:p00139,drm_ews,false,dev,2026-09-16,training-20260915-s1
34295403:p00206,cybersecurity,false,dev,2026-09-16,training-20260915-s1
33602788:p00151,drm_ews,false,dev,2026-09-16,training-20260915-s1
33844146:p00154,cybersecurity,true,dev,2026-09-16,training-20260915-s1
33844146:p00197,cybersecurity,false,dev,2026-09-16,training-20260915-s1
40083718:p00077,mobile_towers,false,dev,2026-09-16,training-20260915-s1
34338772:p00745,submarine_cable,false,dev,2026-09-16,training-20260915-s1
34397339:p00156,access_connectivity,true,dev,2026-09-16,training-20260915-s1
33191006:p00157,data_hosting,false,dev,2026-09-16,training-20260915-s1
40042661:p00268,dpi,false,dev,2026-09-16,training-20260915-s1
31167658:p00199,mobile_towers,false,dev,2026-09-16,training-20260915-s1
31889872:p00190,submarine_cable,false,dev,2026-09-16,training-20260915-s1
33812956:p00152,dpi,true,dev,2026-09-16,training-20260915-s1
34196134:p00229,fiber,false,dev,2026-09-16,training-20260915-s1
32321387:p00395,drm_ews,true,dev,2026-09-16,training-20260915-s1
33844146:p00139,fiber,false,dev,2026-09-16,training-20260915-s1
33118666:p00197,data_hosting,true,dev,2026-09-16,training-20260915-s1
40052992:p00174,fiber,false,dev,2026-09-16,training-20260915-s1
33107441:p00399,mobile_towers,false,dev,2026-09-16,training-20260915-s1
34441286:p00049,cybersecurity,false,dev,2026-09-16,training-20260915-s1
32527137:p00201,drm_ews,true,dev,2026-09-16,training-20260915-s1
32108178:p00279,fiber,false,dev,2026-09-16,training-20260915-s1
40082999:p00060,fiber,false,dev,2026-09-16,training-20260915-s1
33107441:p00501,submarine_cable,false,dev,2026-09-16,training-20260915-s1
33819612:p00269,data_hosting,false,dev,2026-09-16,training-20260915-s1
40007594:p00099,dpi,false,dev,2026-09-16,training-20260915-s1
34460895:p00179,fiber,false,dev,2026-09-16,training-20260915-s1
33706639:p00538,access_connectivity,false,dev,2026-09-16,training-20260915-s1
40095037:p00183,access_connectivity,false,dev,2026-09-16,training-20260915-s1
33844146:p00279,fiber,false,dev,2026-09-16,training-20260915-s1
33706639:p00248,submarine_cable,false,dev,2026-09-16,training-20260915-s1
40031410:p00066,data_hosting,false,dev,2026-09-16,training-20260915-s1
33835348:p00186,drm_ews,false,dev,2026-09-16,training-20260915-s1
34049907:p00581,cybersecurity,false,dev,2026-09-16,training-20260915-s1
34397339:p00159,data_hosting,true,dev,2026-09-16,training-20260915-s1
34049898:p00390,data_hosting,false,dev,2026-09-16,training-20260915-s1
34194833:p00292,data_hosting,false,dev,2026-09-16,training-20260915-s1
40109413:p00169,drm_ews,false,dev,2026-09-16,training-20260915-s1
33844146:p00139,access_connectivity,true,dev,2026-09-16,training-20260915-s1
33812956:p00195,fiber,false,dev,2026-09-16,training-20260915-s1
40081106:p00104,dpi,false,dev,2026-09-16,training-20260915-s1
33937854:p00436,dpi,false,dev,2026-09-16,training-20260915-s1
40031410:p00066,submarine_cable,false,dev,2026-09-16,training-20260915-s1
40082999:p00060,access_connectivity,false,dev,2026-09-16,training-20260915-s1
31167658:p00199,dpi,false,dev,2026-09-16,training-20260915-s1
33835349:p00191,drm_ews,false,dev,2026-09-16,training-20260915-s1
33862093:p00243,mobile_towers,false,dev,2026-09-16,training-20260915-s1
31747152:p00229,submarine_cable,false,dev,2026-09-16,training-20260915-s1
40083718:p00077,dpi,false,dev,2026-09-16,training-20260915-s1
31747152:p00371,submarine_cable,false,dev,2026-09-16,training-20260915-s1
40007594:p00099,fiber,false,dev,2026-09-16,training-20260915-s1
34327188:p00163,fiber,false,dev,2026-09-16,training-20260915-s1
40082999:p00060,data_hosting,false,dev,2026-09-16,training-20260915-s1
33107441:p00628,access_connectivity,true,dev,2026-09-16,training-20260915-s1
40081106:p00085,drm_ews,false,dev,2026-09-16,training-20260915-s1
40028045:p00156,data_hosting,false,dev,2026-09-16,training-20260915-s1
34196069:p00238,data_hosting,false,dev,2026-09-16,training-20260915-s1
33822742:p00477,mobile_towers,false,dev,2026-09-16,training-20260915-s1
31747152:p00235,submarine_cable,false,dev,2026-09-16,training-20260915-s1
33753850:p00267,drm_ews,false,dev,2026-09-16,training-20260915-s1
40087727:p00258,data_hosting,false,dev,2026-09-16,training-20260915-s1
40034360:p00116,fiber,true,dev,2026-09-16,training-20260915-s1
34049907:p00143,dpi,false,dev,2026-09-16,training-20260915-s1
33191006:p00205,mobile_towers,false,dev,2026-09-16,training-20260915-s1
31338295:p00161,dpi,true,dev,2026-09-16,training-20260915-s1
34428613:p00238,cybersecurity,false,dev,2026-09-16,training-20260915-s1
32159893:p00544,submarine_cable,false,dev,2026-09-16,training-20260915-s1
32527137:p00335,drm_ews,false,dev,2026-09-16,training-20260915-s1
34388773:p00237,access_connectivity,true,dev,2026-09-16,training-20260915-s1
33862093:p00172,drm_ews,false,dev,2026-09-16,training-20260915-s1
31747152:p00229,dpi,false,dev,2026-09-16,training-20260915-s1
34397339:p00156,data_hosting,false,dev,2026-09-16,training-20260915-s1
34338772:p00746,access_connectivity,true,dev,2026-09-16,training-20260915-s1
40052992:p00160,drm_ews,false,dev,2026-09-16,training-20260915-s1
34310682:p00378,cybersecurity,false,dev,2026-09-16,training-20260915-s1
34022655:p00176,submarine_cable,false,dev,2026-09-16,training-20260915-s1
33107441:p00501,access_connectivity,false,dev,2026-09-16,training-20260915-s1
33812956:p00152,submarine_cable,false,dev,2026-09-16,training-20260915-s1
40081106:p00085,dpi,false,dev,2026-09-16,training-20260915-s1
40087727:p00252,submarine_cable,true,dev,2026-09-16,training-20260915-s1
34327188:p00163,mobile_towers,false,dev,2026-09-16,training-20260915-s1
33835348:p00230,dpi,false,dev,2026-09-16,training-20260915-s1
34394311:p00084,drm_ews,true,dev,2026-09-16,training-20260915-s1
34194833:p00292,drm_ews,false,dev,2026-09-16,training-20260915-s1
33835348:p00150,data_hosting,true,dev,2026-09-16,training-20260915-s1
40077325:p00041,submarine_cable,false,dev,2026-09-16,training-20260915-s1
34338772:p00725,data_hosting,true,dev,2026-09-16,training-20260915-s1
40082999:p00060,dpi,false,dev,2026-09-16,training-20260915-s1
34428613:p00238,drm_ews,true,dev,2026-09-16,training-20260915-s1
33835348:p00243,drm_ews,false,dev,2026-09-16,training-20260915-s1
34338772:p00741,drm_ews,true,dev,2026-09-16,training-20260915-s1
34397339:p00159,dpi,false,dev,2026-09-16,training-20260915-s1
40087727:p00181,fiber,false,dev,2026-09-16,training-20260915-s1
32159893:p00122,cybersecurity,false,dev,2026-09-16,training-20260915-s1
33815663:p00141,data_hosting,false,dev,2026-09-16,training-20260915-s1
33937854:p00146,dpi,false,dev,2026-09-16,training-20260915-s1
33602788:p00500,mobile_towers,false,dev,2026-09-16,training-20260915-s1
34295403:p00121,access_connectivity,false,dev,2026-09-16,training-20260915-s1
33053299:p00254,access_connectivity,false,dev,2026-09-16,training-20260915-s1
34295403:p00038,access_connectivity,false,dev,2026-09-16,training-20260915-s1
34394311:p00138,mobile_towers,false,dev,2026-09-16,training-20260915-s1
32108178:p00279,data_hosting,false,dev,2026-09-16,training-20260915-s1
40109413:p00070,mobile_towers,false,dev,2026-09-16,training-20260915-s1
33844146:p00197,access_connectivity,false,dev,2026-09-16,training-20260915-s1
33815663:p00375,mobile_towers,false,dev,2026-09-16,training-20260915-s1
33844146:p00279,cybersecurity,false,dev,2026-09-16,training-20260915-s1
32159893:p00363,mobile_towers,true,dev,2026-09-16,training-20260915-s1
33602788:p00500,cybersecurity,true,dev,2026-09-16,training-20260915-s1
33753850:p00253,mobile_towers,false,dev,2026-09-16,training-20260915-s1
33937854:p00194,mobile_towers,false,dev,2026-09-16,training-20260915-s1
33937854:p00146,access_connectivity,false,dev,2026-09-16,training-20260915-s1
40105675:p00183,mobile_towers,false,dev,2026-09-16,training-20260915-s1
33815663:p00375,submarine_cable,false,dev,2026-09-16,training-20260915-s1
34310682:p00350,mobile_towers,false,dev,2026-09-16,training-20260915-s1
33602788:p00240,data_hosting,false,dev,2026-09-16,training-20260915-s1
33937854:p00434,mobile_towers,false,dev,2026-09-16,training-20260915-s1
31866361:p00137,submarine_cable,true,dev,2026-09-16,training-20260915-s1
33107441:p00501,data_hosting,true,dev,2026-09-16,training-20260915-s1
40087727:p00258,fiber,false,dev,2026-09-16,training-20260915-s1
33819612:p00269,submarine_cable,false,dev,2026-09-16,training-20260915-s1
32108178:p00792,fiber,false,dev,2026-09-16,training-20260915-s1
34196069:p00238,access_connectivity,false,dev,2026-09-16,training-20260915-s1
33812956:p00189,submarine_cable,false,dev,2026-09-16,training-20260915-s1
32321387:p00273,access_connectivity,false,dev,2026-09-16,training-20260915-s1
33602788:p00240,fiber,false,dev,2026-09-16,training-20260915-s1
32321387:p00273,submarine_cable,false,dev,2026-09-16,training-20260915-s1
33937854:p00438,submarine_cable,false,dev,2026-09-16,training-20260915-s1
31747152:p00503,mobile_towers,false,dev,2026-09-16,training-20260915-s1
34310682:p00152,mobile_towers,false,dev,2026-09-16,training-20260915-s1
33753850:p00253,dpi,false,dev,2026-09-16,training-20260915-s1
34049907:p00546,cybersecurity,true,dev,2026-09-16,training-20260915-s1
34428613:p00337,dpi,false,dev,2026-09-16,training-20260915-s1
34196134:p00229,cybersecurity,false,dev,2026-09-16,training-20260915-s1
33985963:p00205,data_hosting,false,dev,2026-09-16,training-20260915-s1
33819612:p00269,mobile_towers,false,dev,2026-09-16,training-20260915-s1
32159893:p00368,dpi,false,dev,2026-09-16,training-20260915-s1
33937854:p00472,data_hosting,false,dev,2026-09-16,training-20260915-s1
40087727:p00252,mobile_towers,false,dev,2026-09-16,training-20260915-s1
34338772:p00718,data_hosting,false,dev,2026-09-16,training-20260915-s1
40052992:p00160,access_connectivity,true,dev,2026-09-16,training-20260915-s1
34022655:p00490,access_connectivity,false,dev,2026-09-16,training-20260915-s1
31338295:p00287,drm_ews,false,dev,2026-09-16,training-20260915-s1
34049898:p00390,mobile_towers,false,dev,2026-09-16,training-20260915-s1
34338772:p00741,submarine_cable,false,dev,2026-09-16,training-20260915-s1
34397339:p00159,submarine_cable,false,dev,2026-09-16,training-20260915-s1
33835349:p00191,dpi,false,dev,2026-09-16,training-20260915-s1
33706639:p00426,dpi,false,dev,2026-09-16,training-20260915-s1
33602788:p00240,drm_ews,true,dev,2026-09-16,training-20260915-s1
40087727:p00258,drm_ews,false,dev,2026-09-16,training-20260915-s1
33937854:p00189,data_hosting,true,dev,2026-09-16,training-20260915-s1
33812956:p00195,drm_ews,true,dev,2026-09-16,training-20260915-s1
31747152:p00578,data_hosting,false,dev,2026-09-16,training-20260915-s1
32159893:p00363,submarine_cable,false,dev,2026-09-16,training-20260915-s1
34388773:p00123,data_hosting,false,dev,2026-09-16,training-20260915-s1
34194833:p00292,fiber,false,dev,2026-09-16,training-20260915-s1
34338772:p00717,dpi,false,dev,2026-09-16,training-20260915-s1
34022655:p00490,dpi,false,dev,2026-09-16,training-20260915-s1
33815663:p00155,data_hosting,false,dev,2026-09-16,training-20260915-s1
33835349:p00191,access_connectivity,false,dev,2026-09-16,training-20260915-s1
33835348:p00230,submarine_cable,false,dev,2026-09-16,training-20260915-s1
34388773:p00123,dpi,true,dev,2026-09-16,training-20260915-s1
34441286:p00049,submarine_cable,false,dev,2026-09-16,training-20260915-s1
32971756:p00393,fiber,false,dev,2026-09-16,training-20260915-s1
33118666:p00509,dpi,true,dev,2026-09-16,training-20260915-s1
33985963:p00240,access_connectivity,false,dev,2026-09-16,training-20260915-s1
33822742:p00175,cybersecurity,false,dev,2026-09-16,training-20260915-s1
40081106:p00085,data_hosting,false,dev,2026-09-16,training-20260915-s1
33421881:p00170,drm_ews,false,dev,2026-09-16,training-20260915-s1
33118666:p00236,access_connectivity,false,dev,2026-09-16,training-20260915-s1
33815663:p00155,dpi,true,dev,2026-09-16,training-20260915-s1
34049898:p00390,drm_ews,false,dev,2026-09-16,training-20260915-s1
33835348:p00208,dpi,false,dev,2026-09-16,training-20260915-s1
40034360:p00128,access_connectivity,false,dev,2026-09-16,training-20260915-s1
33844146:p00279,access_connectivity,true,dev,2026-09-16,training-20260915-s1
33819086:p00191,fiber,false,dev,2026-09-16,training-20260915-s1
33706639:p00296,cybersecurity,false,dev,2026-09-16,training-20260915-s1
34049907:p00581,submarine_cable,true,dev,2026-09-16,training-20260915-s1
40077325:p00041,data_hosting,false,dev,2026-09-16,training-20260915-s1
34394311:p00134,data_hosting,false,dev,2026-09-16,training-20260915-s1
33819086:p00191,submarine_cable,false,dev,2026-09-16,training-20260915-s1
33985963:p00240,fiber,false,dev,2026-09-16,training-20260915-s1
33835349:p00191,cybersecurity,false,dev,2026-09-16,training-20260915-s1
32159893:p00506,mobile_towers,true,dev,2026-09-16,training-20260915-s1
31747152:p00229,mobile_towers,false,dev,2026-09-16,training-20260915-s1
33862093:p00175,data_hosting,false,dev,2026-09-16,training-20260915-s1
33819612:p00162,mobile_towers,false,dev,2026-09-16,training-20260915-s1
34194833:p00154,drm_ews,false,dev,2026-09-16,training-20260915-s1
32108178:p00279,access_connectivity,false,dev,2026-09-16,training-20260915-s1
33819086:p00140,cybersecurity,false,dev,2026-09-16,training-20260915-s1
31167658:p00524,cybersecurity,false,dev,2026-09-16,training-20260915-s1
33107441:p00399,drm_ews,false,dev,2026-09-16,training-20260915-s1
34049898:p00390,access_connectivity,false,dev,2026-09-16,training-20260915-s1
40013198:p00272,cybersecurity,false,dev,2026-09-16,training-20260915-s1
33835348:p00489,fiber,false,dev,2026-09-16,training-20260915-s1
31167658:p00551,mobile_towers,true,dev,2026-09-16,training-20260915-s1
33345981:p00263,mobile_towers,true,dev,2026-09-16,training-20260915-s1
40110459:p00231,access_connectivity,false,dev,2026-09-16,training-20260915-s1
40081106:p00104,access_connectivity,false,dev,2026-09-16,training-20260915-s1
32321387:p00273,fiber,false,dev,2026-09-16,training-20260915-s1
33937854:p00435,drm_ews,false,dev,2026-09-16,training-20260915-s1
32626249:p00139,dpi,false,dev,2026-09-16,training-20260915-s1
34295403:p00121,cybersecurity,false,dev,2026-09-16,training-20260915-s1
33107441:p00630,submarine_cable,false,dev,2026-09-16,training-20260915-s1
33191006:p00157,submarine_cable,false,dev,2026-09-16,training-20260915-s1
33815663:p00375,data_hosting,false,dev,2026-09-16,training-20260915-s1
33822742:p00175,drm_ews,false,dev,2026-09-16,training-20260915-s1
40110459:p00484,access_connectivity,false,dev,2026-09-16,training-20260915-s1
40081106:p00104,submarine_cable,false,dev,2026-09-16,training-20260915-s1
33835348:p00499,data_hosting,false,dev,2026-09-16,training-20260915-s1
31866361:p00259,dpi,false,dev,2026-09-16,training-20260915-s1
33815663:p00150,mobile_towers,true,dev,2026-09-16,training-20260915-s1
33819086:p00227,data_hosting,false,dev,2026-09-16,training-20260915-s1
34394311:p00140,submarine_cable,true,dev,2026-09-16,training-20260915-s1
31747152:p00715,dpi,true,dev,2026-09-16,training-20260915-s1
34429409:p00151,fiber,true,dev,2026-09-16,training-20260915-s1
31747152:p00203,data_hosting,false,dev,2026-09-16,training-20260915-s1
40082999:p00060,drm_ews,false,dev,2026-09-16,training-20260915-s1
32108178:p00279,dpi,false,dev,2026-09-16,training-20260915-s1
31747152:p00203,mobile_towers,false,dev,2026-09-16,training-20260915-s1
34049907:p00581,data_hosting,false,dev,2026-09-16,training-20260915-s1
40013198:p00272,data_hosting,false,dev,2026-09-16,training-20260915-s1
33819086:p00149,access_connectivity,true,dev,2026-09-16,training-20260915-s1
40115059:p00715,drm_ews,false,dev,2026-09-16,training-20260915-s1
33862093:p00216,data_hosting,true,dev,2026-09-16,training-20260915-s1
34295403:p00206,dpi,false,dev,2026-09-16,training-20260915-s1
40081106:p00085,mobile_towers,false,dev,2026-09-16,training-20260915-s1
34388773:p00201,cybersecurity,true,dev,2026-09-16,training-20260915-s1
34397339:p00156,mobile_towers,false,dev,2026-09-16,training-20260915-s1
33191006:p00205,cybersecurity,true,dev,2026-09-16,training-20260915-s1
34254903:p00250,fiber,true,dev,2026-09-16,training-20260915-s1
33602788:p00151,access_connectivity,false,dev,2026-09-16,training-20260915-s1
34397339:p00103,submarine_cable,true,dev,2026-09-16,training-20260915-s1
33706639:p00248,fiber,false,dev,2026-09-16,training-20260915-s1
33107441:p00139,fiber,true,dev,2026-09-16,training-20260915-s1
32527137:p00201,access_connectivity,false,dev,2026-09-16,training-20260915-s1
31747152:p00715,cybersecurity,false,dev,2026-09-16,training-20260915-s1
34310682:p00350,dpi,false,dev,2026-09-16,training-20260915-s1
33706639:p00194,drm_ews,true,dev,2026-09-16,training-20260915-s1
31338295:p00285,drm_ews,false,dev,2026-09-16,training-20260915-s1
31889872:p00454,drm_ews,true,dev,2026-09-16,training-20260915-s1
40087727:p00258,submarine_cable,false,dev,2026-09-16,training-20260915-s1
40115059:p00663,dpi,false,dev,2026-09-16,training-20260915-s1
33706639:p00538,drm_ews,false,dev,2026-09-16,training-20260915-s1
32108178:p00279,submarine_cable,false,dev,2026-09-16,training-20260915-s1
32108178:p00279,drm_ews,false,dev,2026-09-16,training-20260915-s1
40034360:p00128,fiber,true,dev,2026-09-16,training-20260915-s1
33985963:p00149,dpi,true,dev,2026-09-16,training-20260915-s1
34310682:p00147,fiber,false,dev,2026-09-16,training-20260915-s1
33107441:p00399,access_connectivity,false,dev,2026-09-16,training-20260915-s1
34049907:p00546,fiber,false,dev,2026-09-16,training-20260915-s1
31866361:p00158,cybersecurity,false,dev,2026-09-16,training-20260915-s1
33812956:p00152,fiber,false,dev,2026-09-16,training-20260915-s1
34338772:p00718,mobile_towers,true,dev,2026-09-16,training-20260915-s1
33815663:p00158,fiber,false,dev,2026-09-16,training-20260915-s1
34049898:p00390,dpi,false,dev,2026-09-16,training-20260915-s1
33706639:p00538,cybersecurity,false,dev,2026-09-16,training-20260915-s1
33118666:p00236,data_hosting,true,dev,2026-09-16,training-20260915-s1
31167658:p00524,drm_ews,false,dev,2026-09-16,training-20260915-s1
31866361:p00158,dpi,false,dev,2026-09-16,training-20260915-s1
34397339:p00103,fiber,false,dev,2026-09-16,training-20260915-s1
33107441:p00139,cybersecurity,false,dev,2026-09-16,training-20260915-s1
33835348:p00243,access_connectivity,true,dev,2026-09-16,training-20260915-s1
33862093:p00175,cybersecurity,false,dev,2026-09-16,training-20260915-s1
34049898:p00390,submarine_cable,false,dev,2026-09-16,training-20260915-s1
33937854:p00504,cybersecurity,false,dev,2026-09-16,training-20260915-s1
33862093:p00175,dpi,false,dev,2026-09-16,training-20260915-s1
40042661:p00268,drm_ews,false,dev,2026-09-16,training-20260915-s1
40081960:p00097,data_hosting,true,dev,2026-09-16,training-20260915-s1
31167658:p00551,drm_ews,false,dev,2026-09-16,training-20260915-s1
33819086:p00191,access_connectivity,false,dev,2026-09-16,training-20260915-s1
34022655:p00176,data_hosting,false,dev,2026-09-16,training-20260915-s1
34338772:p00717,fiber,true,dev,2026-09-16,training-20260915-s1
40109413:p00169,access_connectivity,false,dev,2026-09-16,training-20260915-s1
33819612:p00269,access_connectivity,false,dev,2026-09-16,training-20260915-s1
31747152:p00503,dpi,false,dev,2026-09-16,training-20260915-s1
32108178:p00207,access_connectivity,false,dev,2026-09-16,training-20260915-s1
33937854:p00436,mobile_towers,true,dev,2026-09-16,training-20260915-s1
33602788:p00206,access_connectivity,true,dev,2026-09-16,training-20260915-s1
31338295:p00285,cybersecurity,false,dev,2026-09-16,training-20260915-s1
34310682:p00191,data_hosting,true,dev,2026-09-16,training-20260915-s1
33753850:p00253,access_connectivity,false,dev,2026-09-16,training-20260915-s1
33985963:p00240,submarine_cable,false,dev,2026-09-16,training-20260915-s1
32971756:p00314,dpi,false,dev,2026-09-16,training-20260915-s1
33819612:p00269,dpi,true,dev,2026-09-16,training-20260915-s1
31167658:p00524,access_connectivity,false,dev,2026-09-16,training-20260915-s1
34022655:p00392,submarine_cable,false,dev,2026-09-16,training-20260915-s1
31747152:p00578,fiber,false,dev,2026-09-16,training-20260915-s1
33753850:p00164,dpi,false,dev,2026-09-16,training-20260915-s1
33815663:p00277,data_hosting,false,dev,2026-09-16,training-20260915-s1
34397339:p00156,fiber,true,dev,2026-09-16,training-20260915-s1
31747152:p00578,cybersecurity,false,dev,2026-09-16,training-20260915-s1
33835348:p00208,access_connectivity,false,dev,2026-09-16,training-20260915-s1
34049907:p00546,drm_ews,false,dev,2026-09-16,training-20260915-s1
32159893:p00122,drm_ews,false,dev,2026-09-16,training-20260915-s1
34022655:p00490,data_hosting,false,dev,2026-09-16,training-20260915-s1
32626249:p00359,drm_ews,false,dev,2026-09-16,training-20260915-s1
34394311:p00138,access_connectivity,false,dev,2026-09-16,training-20260915-s1
33118666:p00197,access_connectivity,false,dev,2026-09-16,training-20260915-s1
31167658:p00199,submarine_cable,false,dev,2026-09-16,training-20260915-s1
40052992:p00174,cybersecurity,true,dev,2026-09-16,training-20260915-s1
34428613:p00135,mobile_towers,false,dev,2026-09-16,training-20260915-s1
33844146:p00137,data_hosting,false,dev,2026-09-16,training-20260915-s1
40115059:p00663,submarine_cable,true,dev,2026-09-16,training-20260915-s1
40052992:p00160,submarine_cable,false,dev,2026-09-16,training-20260915-s1
31747152:p00371,data_hosting,false,dev,2026-09-16,training-20260915-s1
34196134:p00229,dpi,false,dev,2026-09-16,training-20260915-s1
33862093:p00216,dpi,true,dev,2026-09-16,training-20260915-s1
40077325:p00041,mobile_towers,false,dev,2026-09-16,training-20260915-s1
32108178:p00279,mobile_towers,false,dev,2026-09-16,training-20260915-s1
33813209:p00183,cybersecurity,false,dev,2026-09-16,training-20260915-s1
34397339:p00159,fiber,false,dev,2026-09-16,training-20260915-s1
31866361:p00261,cybersecurity,false,dev,2026-09-16,training-20260915-s1
32971756:p00314,submarine_cable,false,dev,2026-09-16,training-20260915-s1
33602788:p00249,access_connectivity,false,dev,2026-09-16,training-20260915-s1
33345981:p00278,submarine_cable,false,dev,2026-09-16,training-20260915-s1
33107441:p00628,drm_ews,true,dev,2026-09-16,training-20260915-s1
40042661:p00268,submarine_cable,false,dev,2026-09-16,training-20260915-s1
33819086:p00191,drm_ews,false,dev,2026-09-16,training-20260915-s1
40081106:p00104,mobile_towers,false,dev,2026-09-16,training-20260915-s1
31889872:p00190,dpi,false,dev,2026-09-16,training-20260915-s1
31747152:p00715,mobile_towers,false,dev,2026-09-16,training-20260915-s1
33862093:p00172,access_connectivity,true,dev,2026-09-16,training-20260915-s1
32626249:p00168,data_hosting,false,dev,2026-09-16,training-20260915-s1
34397339:p00156,submarine_cable,false,dev,2026-09-16,training-20260915-s1
33835349:p00191,data_hosting,false,dev,2026-09-16,training-20260915-s1
31889872:p00194,fiber,true,dev,2026-09-16,training-20260915-s1
32971756:p00393,cybersecurity,false,dev,2026-09-16,training-20260915-s1
31866361:p00269,dpi,true,dev,2026-09-16,training-20260915-s1
31747152:p00229,drm_ews,false,dev,2026-09-16,training-20260915-s1
31747152:p00715,data_hosting,false,dev,2026-09-16,training-20260915-s1
33812956:p00189,data_hosting,false,dev,2026-09-16,training-20260915-s1
33937854:p00438,fiber,false,dev,2026-09-16,training-20260915-s1
31747152:p00371,access_connectivity,false,dev,2026-09-16,training-20260915-s1
32108178:p00690,dpi,true,dev,2026-09-16,training-20260915-s1
33819612:p00162,cybersecurity,false,dev,2026-09-16,training-20260915-s1
33753850:p00253,drm_ews,false,dev,2026-09-16,training-20260915-s1
34460895:p00179,dpi,false,dev,2026-09-16,training-20260915-s1
33107441:p00399,cybersecurity,false,dev,2026-09-16,training-20260915-s1
33706639:p00296,access_connectivity,false,dev,2026-09-16,training-20260915-s1
33862093:p00175,access_connectivity,true,dev,2026-09-16,training-20260915-s1
33815663:p00141,submarine_cable,true,dev,2026-09-16,training-20260915-s1
33819086:p00191,cybersecurity,false,dev,2026-09-16,training-20260915-s1
34254903:p00250,dpi,false,dev,2026-09-16,training-20260915-s1
33812956:p00195,submarine_cable,false,dev,2026-09-16,training-20260915-s1
34022655:p00490,cybersecurity,false,dev,2026-09-16,training-20260915-s1
31167658:p00551,submarine_cable,false,dev,2026-09-16,training-20260915-s1
33786588:p00205,fiber,true,dev,2026-09-16,training-20260915-s1
34338772:p00746,dpi,false,dev,2026-09-16,training-20260915-s1
33815663:p00277,fiber,true,dev,2026-09-16,training-20260915-s1
34394311:p00138,submarine_cable,false,dev,2026-09-16,training-20260915-s1
40007594:p00099,mobile_towers,false,dev,2026-09-16,training-20260915-s1
34394311:p00138,data_hosting,false,dev,2026-09-16,training-20260915-s1
34295403:p00121,dpi,false,dev,2026-09-16,training-20260915-s1
31338295:p00285,dpi,true,dev,2026-09-16,training-20260915-s1
31167658:p00647,cybersecurity,false,dev,2026-09-16,training-20260915-s1
33985963:p00143,dpi,false,dev,2026-09-16,training-20260915-s1
33844146:p00137,submarine_cable,true,dev,2026-09-16,training-20260915-s1
31747152:p00235,drm_ews,false,dev,2026-09-16,training-20260915-s1
40081106:p00104,cybersecurity,false,dev,2026-09-16,training-20260915-s1
40095037:p00183,submarine_cable,false,dev,2026-09-16,training-20260915-s1
32321387:p00273,cybersecurity,false,dev,2026-09-16,training-20260915-s1
34049907:p00546,mobile_towers,false,dev,2026-09-16,training-20260915-s1
31889872:p00190,drm_ews,true,dev,2026-09-16,training-20260915-s1
31747152:p00371,mobile_towers,false,dev,2026-09-16,training-20260915-s1
31747152:p00203,fiber,false,dev,2026-09-16,training-20260915-s1
32159893:p00506,dpi,false,dev,2026-09-16,training-20260915-s1
33786588:p00205,cybersecurity,false,dev,2026-09-16,training-20260915-s1
40028045:p00156,mobile_towers,false,dev,2026-09-16,training-20260915-s1
31866361:p00259,cybersecurity,false,dev,2026-09-16,training-20260915-s1
40081106:p00085,cybersecurity,true,dev,2026-09-16,training-20260915-s1
31747152:p00371,drm_ews,false,dev,2026-09-16,training-20260915-s1
31889872:p00225,cybersecurity,false,dev,2026-09-16,training-20260915-s1
34394311:p00142,dpi,false,dev,2026-09-16,training-20260915-s1
33815663:p00226,fiber,false,dev,2026-09-16,training-20260915-s1
33706639:p00324,mobile_towers,false,dev,2026-09-16,training-20260915-s1
40095037:p00183,mobile_towers,false,dev,2026-09-16,training-20260915-s1
33830968:p00215,cybersecurity,true,dev,2026-09-16,training-20260915-s1
40034360:p00116,data_hosting,false,dev,2026-09-16,training-20260915-s1
34428613:p00337,access_connectivity,false,dev,2026-09-16,training-20260915-s1
32321387:p00273,drm_ews,false,dev,2026-09-16,training-20260915-s1
33835348:p00243,dpi,false,dev,2026-09-16,training-20260915-s1
33191006:p00205,access_connectivity,false,dev,2026-09-16,training-20260915-s1
34295403:p00206,submarine_cable,false,dev,2026-09-16,training-20260915-s1
33835348:p00150,dpi,true,dev,2026-09-16,training-20260915-s1
34394311:p00134,dpi,false,dev,2026-09-16,training-20260915-s1
40081960:p00097,drm_ews,false,dev,2026-09-16,training-20260915-s1
34310682:p00152,fiber,false,dev,2026-09-16,training-20260915-s1
33937854:p00447,mobile_towers,true,dev,2026-09-16,training-20260915-s1
40034360:p00116,mobile_towers,false,dev,2026-09-16,training-20260915-s1
33822742:p00175,submarine_cable,false,dev,2026-09-16,training-20260915-s1
34397339:p00159,access_connectivity,false,dev,2026-09-16,training-20260915-s1
33819086:p00157,dpi,false,dev,2026-09-16,training-20260915-s1
34310682:p00134,fiber,true,dev,2026-09-16,training-20260915-s1
40082999:p00060,cybersecurity,false,dev,2026-09-16,training-20260915-s1
34460895:p00179,data_hosting,true,dev,2026-09-16,training-20260915-s1
33107441:p00399,dpi,false,dev,2026-09-16,training-20260915-s1
33753850:p00253,cybersecurity,false,dev,2026-09-16,training-20260915-s1
34022655:p00176,mobile_towers,false,dev,2026-09-16,training-20260915-s1
33844146:p00141,access_connectivity,false,dev,2026-09-16,training-20260915-s1
34428613:p00337,mobile_towers,false,dev,2026-09-16,training-20260915-s1
33819086:p00154,data_hosting,false,dev,2026-09-16,training-20260915-s1
33819086:p00140,submarine_cable,true,dev,2026-09-16,training-20260915-s1
33107441:p00628,cybersecurity,false,dev,2026-09-16,training-20260915-s1
40105675:p00183,data_hosting,false,dev,2026-09-16,training-20260915-s1
34022655:p00392,drm_ews,false,dev,2026-09-16,training-20260915-s1
33706639:p00234,mobile_towers,true,dev,2026-09-16,training-20260915-s1
34295403:p00121,submarine_cable,false,dev,2026-09-16,training-20260915-s1
31747152:p00235,cybersecurity,true,dev,2026-09-16,training-20260915-s1
34310682:p00378,data_hosting,false,dev,2026-09-16,training-20260915-s1
33835349:p00191,mobile_towers,false,dev,2026-09-16,training-20260915-s1
34394311:p00139,fiber,true,dev,2026-09-16,training-20260915-s1
33937854:p00189,cybersecurity,false,dev,2026-09-16,training-20260915-s1
34196134:p00229,data_hosting,false,dev,2026-09-16,training-20260915-s1
31747152:p00524,mobile_towers,false,dev,2026-09-16,training-20260915-s1
33345981:p00266,access_connectivity,false,dev,2026-09-16,training-20260915-s1
33753850:p00267,data_hosting,true,dev,2026-09-16,training-20260915-s1
33107441:p00630,drm_ews,false,dev,2026-09-16,training-20260915-s1
40095037:p00183,dpi,false,dev,2026-09-16,training-20260915-s1
33937854:p00434,fiber,false,dev,2026-09-16,training-20260915-s1
34254903:p00250,cybersecurity,false,dev,2026-09-16,training-20260915-s1
33706639:p00261,mobile_towers,false,dev,2026-09-16,training-20260915-s1
33345981:p00278,cybersecurity,false,dev,2026-09-16,training-20260915-s1
40081960:p00097,fiber,false,dev,2026-09-16,training-20260915-s1
31866361:p00137,cybersecurity,false,dev,2026-09-16,training-20260915-s1
32321387:p00273,dpi,false,dev,2026-09-16,training-20260915-s1
33862093:p00175,drm_ews,false,dev,2026-09-16,training-20260915-s1
40105675:p00198,fiber,false,dev,2026-09-16,training-20260915-s1
40082999:p00060,submarine_cable,false,dev,2026-09-16,training-20260915-s1
33830968:p00215,access_connectivity,false,dev,2026-09-16,training-20260915-s1
31747152:p00503,access_connectivity,false,dev,2026-09-16,training-20260915-s1
34441286:p00049,mobile_towers,false,dev,2026-09-16,training-20260915-s1
31747152:p00524,submarine_cable,false,dev,2026-09-16,training-20260915-s1
33819612:p00269,fiber,false,dev,2026-09-16,training-20260915-s1
31866361:p00257,submarine_cable,true,dev,2026-09-16,training-20260915-s1
33985963:p00240,dpi,false,dev,2026-09-16,training-20260915-s1
33345981:p00274,submarine_cable,true,dev,2026-09-16,training-20260915-s1
31747152:p00229,cybersecurity,true,dev,2026-09-16,training-20260915-s1
33862093:p00188,cybersecurity,false,dev,2026-09-16,training-20260915-s1
33835349:p00191,fiber,false,dev,2026-09-16,training-20260915-s1
32527137:p00201,mobile_towers,false,dev,2026-09-16,training-20260915-s1
33844146:p00141,submarine_cable,false,dev,2026-09-16,training-20260915-s1
34428613:p00337,drm_ews,false,dev,2026-09-16,training-20260915-s1
33835348:p00489,data_hosting,false,dev,2026-09-16,training-20260915-s1
32159893:p00506,access_connectivity,true,dev,2026-09-16,training-20260915-s1
40083718:p00077,access_connectivity,false,dev,2026-09-16,training-20260915-s1
34338772:p00745,mobile_towers,true,dev,2026-09-16,training-20260915-s1
33819086:p00227,cybersecurity,true,dev,2026-09-16,training-20260915-s1
33345981:p00263,submarine_cable,true,dev,2026-09-16,training-20260915-s1
33812956:p00194,cybersecurity,false,dev,2026-09-16,training-20260915-s1
40081106:p00104,fiber,false,dev,2026-09-16,training-20260915-s1
31747152:p00524,drm_ews,false,dev,2026-09-16,training-20260915-s1
40028045:p00156,access_connectivity,false,dev,2026-09-16,training-20260915-s1
33345981:p00274,mobile_towers,true,dev,2026-09-16,training-20260915-s1
34327188:p00163,dpi,false,dev,2026-09-16,training-20260915-s1
34388773:p00199,access_connectivity,false,dev,2026-09-16,training-20260915-s1
33819086:p00191,data_hosting,false,dev,2026-09-16,training-20260915-s1
34310682:p00147,drm_ews,true,dev,2026-09-16,training-20260915-s1
40081106:p00104,drm_ews,false,dev,2026-09-16,training-20260915-s1
40013198:p00272,access_connectivity,false,dev,2026-09-16,training-20260915-s1
34049907:p00678,data_hosting,true,dev,2026-09-16,training-20260915-s1
31747152:p00524,fiber,false,dev,2026-09-16,training-20260915-s1
33753850:p00331,drm_ews,true,dev,2026-09-16,training-20260915-s1
33819086:p00191,mobile_towers,false,dev,2026-09-16,training-20260915-s1
34388773:p00199,data_hosting,true,dev,2026-09-16,training-20260915-s1
40110459:p00484,dpi,false,dev,2026-09-16,training-20260915-s1
33815663:p00375,dpi,false,dev,2026-09-16,training-20260915-s1
34049907:p00546,dpi,false,dev,2026-09-16,training-20260915-s1
33937854:p00194,submarine_cable,false,dev,2026-09-16,training-20260915-s1
33813209:p00183,drm_ews,false,dev,2026-09-16,training-20260915-s1
32971756:p00393,submarine_cable,false,dev,2026-09-16,training-20260915-s1
33937854:p00435,dpi,false,dev,2026-09-16,training-20260915-s1
34338772:p00717,access_connectivity,true,dev,2026-09-16,training-20260915-s1
32527137:p00201,submarine_cable,false,dev,2026-09-16,training-20260915-s1
34194833:p00154,fiber,false,dev,2026-09-16,training-20260915-s1
34310682:p00378,mobile_towers,false,dev,2026-09-16,training-20260915-s1
33862093:p00243,dpi,false,dev,2026-09-16,training-20260915-s1
33835348:p00489,drm_ews,true,dev,2026-09-16,training-20260915-s1
40095037:p00183,data_hosting,false,dev,2026-09-16,training-20260915-s1
34394311:p00138,drm_ews,false,dev,2026-09-16,training-20260915-s1
34049907:p00224,submarine_cable,false,dev,2026-09-16,training-20260915-s1
34310682:p00350,data_hosting,true,dev,2026-09-16,training-20260915-s1
31167658:p00199,data_hosting,false,dev,2026-09-16,training-20260915-s1
33985963:p00240,mobile_towers,false,dev,2026-09-16,training-20260915-s1
34394311:p00138,dpi,false,dev,2026-09-16,training-20260915-s1
34327188:p00163,access_connectivity,false,dev,2026-09-16,training-20260915-s1
40042661:p00268,access_connectivity,true,dev,2026-09-16,training-20260915-s1
31866361:p00269,fiber,false,dev,2026-09-16,training-20260915-s1
33844146:p00215,cybersecurity,true,dev,2026-09-16,training-20260915-s1
34022655:p00322,cybersecurity,true,dev,2026-09-16,training-20260915-s1
40087727:p00258,mobile_towers,false,dev,2026-09-16,training-20260915-s1
40110459:p00231,dpi,false,dev,2026-09-16,training-20260915-s1
33937854:p00447,fiber,false,dev,2026-09-16,training-20260915-s1
40052992:p00160,data_hosting,false,dev,2026-09-16,training-20260915-s1
33812956:p00194,mobile_towers,false,dev,2026-09-16,training-20260915-s1
40110459:p00328,submarine_cable,false,dev,2026-09-16,training-20260915-s1
33830968:p00215,drm_ews,false,dev,2026-09-16,training-20260915-s1
40110459:p00484,submarine_cable,false,dev,2026-09-16,training-20260915-s1
31167658:p00199,fiber,false,dev,2026-09-16,training-20260915-s1
33753850:p00164,drm_ews,false,dev,2026-09-16,training-20260915-s1
40028045:p00156,fiber,false,dev,2026-09-16,training-20260915-s1
34394311:p00140,dpi,false,dev,2026-09-16,training-20260915-s1
33862093:p00175,submarine_cable,false,dev,2026-09-16,training-20260915-s1
33822742:p00175,access_connectivity,false,dev,2026-09-16,training-20260915-s1
40087727:p00258,cybersecurity,false,dev,2026-09-16,training-20260915-s1
34022655:p00322,mobile_towers,false,dev,2026-09-16,training-20260915-s1
33815663:p00226,cybersecurity,true,dev,2026-09-16,training-20260915-s1
34397339:p00159,drm_ews,false,dev,2026-09-16,training-20260915-s1
40081106:p00104,data_hosting,false,dev,2026-09-16,training-20260915-s1
32108178:p00690,data_hosting,true,dev,2026-09-16,training-20260915-s1
33706639:p00194,cybersecurity,false,dev,2026-09-16,training-20260915-s1
34295403:p00121,mobile_towers,false,dev,2026-09-16,training-20260915-s1
31167658:p00524,dpi,false,dev,2026-09-16,training-20260915-s1
34022655:p00176,dpi,false,dev,2026-09-16,training-20260915-s1
34310682:p00378,fiber,false,dev,2026-09-16,training-20260915-s1
40077325:p00041,cybersecurity,false,dev,2026-09-16,training-20260915-s1
31866361:p00262,mobile_towers,true,dev,2026-09-16,training-20260915-s1
33602788:p00206,drm_ews,false,dev,2026-09-16,training-20260915-s1
32971756:p00523,mobile_towers,false,dev,2026-09-16,training-20260915-s1
33815663:p00277,access_connectivity,false,dev,2026-09-16,training-20260915-s1
34388773:p00201,fiber,false,dev,2026-09-16,training-20260915-s1
32971756:p00523,dpi,true,dev,2026-09-16,training-20260915-s1
31889872:p00225,access_connectivity,false,dev,2026-09-16,training-20260915-s1
33819612:p00162,drm_ews,false,dev,2026-09-16,training-20260915-s1
33844146:p00197,data_hosting,false,dev,2026-09-16,training-20260915-s1
33813209:p00183,data_hosting,false,dev,2026-09-16,training-20260915-s1
40042661:p00268,mobile_towers,false,dev,2026-09-16,training-20260915-s1
32527137:p00201,fiber,false,dev,2026-09-16,training-20260915-s1
40013198:p00272,submarine_cable,false,dev,2026-09-16,training-20260915-s1
34388773:p00199,dpi,false,dev,2026-09-16,training-20260915-s1
34049898:p00390,fiber,false,dev,2026-09-16,training-20260915-s1
33706639:p00324,dpi,false,dev,2026-09-16,training-20260915-s1
33345981:p00278,fiber,true,dev,2026-09-16,training-20260915-s1
32971756:p00393,dpi,false,dev,2026-09-16,training-20260915-s1
40109413:p00070,submarine_cable,true,dev,2026-09-16,training-20260915-s1
32159893:p00368,mobile_towers,true,dev,2026-09-16,training-20260915-s1
33602788:p00206,fiber,false,dev,2026-09-16,training-20260915-s1
40052992:p00174,dpi,false,dev,2026-09-16,training-20260915-s1
40042661:p00268,data_hosting,false,dev,2026-09-16,training-20260915-s1
33191006:p00174,fiber,false,dev,2026-09-16,training-20260915-s1
33118666:p00222,submarine_cable,false,dev,2026-09-16,training-20260915-s1
34388773:p00237,submarine_cable,false,dev,2026-09-16,training-20260915-s1
34196134:p00229,mobile_towers,false,dev,2026-09-16,training-20260915-s1
31338295:p00287,dpi,true,dev,2026-09-16,training-20260915-s1
31167658:p00571,cybersecurity,false,dev,2026-09-16,training-20260915-s1
40083718:p00077,fiber,false,dev,2026-09-16,training-20260915-s1
40034360:p00116,submarine_cable,false,dev,2026-09-16,training-20260915-s1
34428613:p00135,dpi,true,dev,2026-09-16,training-20260915-s1
32626249:p00359,cybersecurity,true,dev,2026-09-16,training-20260915-s1
31167658:p00199,cybersecurity,false,dev,2026-09-16,training-20260915-s1
33985963:p00240,data_hosting,false,dev,2026-09-16,training-20260915-s1
33815663:p00277,submarine_cable,false,dev,2026-09-16,training-20260915-s1
33118666:p00226,dpi,false,dev,2026-09-16,training-20260915-s1
33421881:p00170,fiber,false,dev,2026-09-16,training-20260915-s1
40110459:p00484,data_hosting,false,dev,2026-09-16,training-20260915-s1
34295403:p00206,access_connectivity,false,dev,2026-09-16,training-20260915-s1
31889872:p00194,access_connectivity,false,dev,2026-09-16,training-20260915-s1
33819086:p00191,dpi,false,dev,2026-09-16,training-20260915-s1
33937854:p00436,cybersecurity,false,dev,2026-09-16,training-20260915-s1
40110459:p00230,dpi,true,dev,2026-09-16,training-20260915-s1
33822742:p00175,mobile_towers,false,dev,2026-09-16,training-20260915-s1
31889872:p00225,drm_ews,true,dev,2026-09-16,training-20260915-s1
33053299:p00254,dpi,false,dev,2026-09-16,training-20260915-s1
33844146:p00154,drm_ews,false,dev,2026-09-16,training-20260915-s1
34194833:p00292,access_connectivity,false,dev,2026-09-16,training-20260915-s1
40042661:p00268,cybersecurity,false,dev,2026-09-16,training-20260915-s1
34397339:p00159,cybersecurity,true,dev,2026-09-16,training-20260915-s1
33753850:p00253,fiber,false,dev,2026-09-16,training-20260915-s1
34338772:p00745,data_hosting,false,dev,2026-09-16,training-20260915-s1
33819086:p00149,dpi,false,dev,2026-09-16,training-20260915-s1
40034360:p00116,access_connectivity,false,dev,2026-09-16,training-20260915-s1
33815663:p00277,drm_ews,false,dev,2026-09-16,training-20260915-s1
33118666:p00222,cybersecurity,true,dev,2026-09-16,training-20260915-s1
33835348:p00150,cybersecurity,true,dev,2026-09-16,training-20260915-s1
40095037:p00183,fiber,false,dev,2026-09-16,training-20260915-s1
34397339:p00156,cybersecurity,true,dev,2026-09-16,training-20260915-s1
34295403:p00206,drm_ews,false,dev,2026-09-16,training-20260915-s1
34194833:p00292,mobile_towers,false,dev,2026-09-16,training-20260915-s1
32108178:p00792,drm_ews,true,dev,2026-09-16,training-20260915-s1
31747152:p00715,fiber,false,dev,2026-09-16,training-20260915-s1
33345981:p00266,submarine_cable,true,dev,2026-09-16,training-20260915-s1
40077325:p00041,access_connectivity,true,dev,2026-09-16,training-20260915-s1
34196134:p00229,submarine_cable,false,dev,2026-09-16,training-20260915-s1
33191006:p00157,dpi,true,dev,2026-09-16,training-20260915-s1
40087727:p00258,dpi,false,dev,2026-09-16,training-20260915-s1
33937854:p00194,drm_ews,true,dev,2026-09-16,training-20260915-s1
31747152:p00203,access_connectivity,false,dev,2026-09-16,training-20260915-s1
40083718:p00077,submarine_cable,false,dev,2026-09-16,training-20260915-s1
32321387:p00395,fiber,true,dev,2026-09-16,training-20260915-s1
33862093:p00243,access_connectivity,false,dev,2026-09-16,training-20260915-s1
33815663:p00375,fiber,false,dev,2026-09-16,training-20260915-s1
33812956:p00194,data_hosting,true,dev,2026-09-16,training-20260915-s1
34254903:p00109,access_connectivity,false,dev,2026-09-16,training-20260915-s1
33819086:p00140,mobile_towers,false,dev,2026-09-16,training-20260915-s1
34310682:p00378,dpi,false,dev,2026-09-16,training-20260915-s1
34397339:p00156,dpi,true,dev,2026-09-16,training-20260915-s1
31747152:p00371,fiber,false,dev,2026-09-16,training-20260915-s1
34022655:p00176,drm_ews,false,dev,2026-09-16,training-20260915-s1
33107441:p00399,fiber,false,dev,2026-09-16,training-20260915-s1
33819612:p00269,cybersecurity,false,dev,2026-09-16,training-20260915-s1
40007594:p00099,drm_ews,false,dev,2026-09-16,training-20260915-s1
32159893:p00544,data_hosting,true,dev,2026-09-16,training-20260915-s1
32527137:p00335,fiber,false,dev,2026-09-16,training-20260915-s1
33815663:p00277,mobile_towers,false,dev,2026-09-16,training-20260915-s1
34441286:p00049,dpi,true,dev,2026-09-16,training-20260915-s1
40052992:p00160,fiber,false,dev,2026-09-16,training-20260915-s1
34049907:p00546,access_connectivity,false,dev,2026-09-16,training-20260915-s1
31889872:p00454,data_hosting,false,dev,2026-09-16,training-20260915-s1
31747152:p00715,submarine_cable,false,dev,2026-09-16,training-20260915-s1
34049907:p00143,access_connectivity,true,dev,2026-09-16,training-20260915-s1
33835348:p00499,mobile_towers,true,dev,2026-09-16,training-20260915-s1
34397339:p00159,mobile_towers,false,dev,2026-09-16,training-20260915-s1
34338772:p00725,submarine_cable,false,dev,2026-09-16,training-20260915-s1
32321387:p00395,mobile_towers,true,dev,2026-09-16,training-20260915-s1
33815663:p00158,access_connectivity,false,dev,2026-09-16,training-20260915-s1
33985963:p00149,data_hosting,true,dev,2026-09-16,training-20260915-s1
40087727:p00168,fiber,true,dev,2026-09-16,training-20260915-s1
34338772:p00689,data_hosting,false,dev,2026-09-16,training-20260915-s1
33706639:p00234,submarine_cable,false,dev,2026-09-16,training-20260915-s1
33706639:p00426,drm_ews,true,dev,2026-09-16,training-20260915-s1
32971756:p00523,fiber,false,dev,2026-09-16,training-20260915-s1
34394311:p00139,data_hosting,false,dev,2026-09-16,training-20260915-s1
32321387:p00273,data_hosting,false,dev,2026-09-16,training-20260915-s1
33815663:p00155,cybersecurity,false,dev,2026-09-16,training-20260915-s1
34295403:p00038,cybersecurity,false,dev,2026-09-16,training-20260915-s1
33862093:p00188,mobile_towers,false,dev,2026-09-16,training-20260915-s1
31747152:p00524,cybersecurity,false,dev,2026-09-16,training-20260915-s1
40028045:p00156,submarine_cable,false,dev,2026-09-16,training-20260915-s1
33107441:p00399,submarine_cable,false,dev,2026-09-16,training-20260915-s1
34456824:p00038,dpi,true,dev,2026-09-16,training-20260915-s1
33345981:p00278,drm_ews,false,dev,2026-09-16,training-20260915-s1
34295403:p00206,fiber,false,dev,2026-09-16,training-20260915-s1
34394311:p00084,data_hosting,false,dev,2026-09-16,training-20260915-s1
34049907:p00678,mobile_towers,false,dev,2026-09-16,training-20260915-s1
33985963:p00240,cybersecurity,false,dev,2026-09-16,training-20260915-s1
33753850:p00331,submarine_cable,false,dev,2026-09-16,training-20260915-s1
33819086:p00227,drm_ews,false,dev,2026-09-16,training-20260915-s1
34388773:p00119,dpi,false,dev,2026-09-16,training-20260915-s1
33107441:p00439,access_connectivity,true,dev,2026-09-16,training-20260915-s1
33844146:p00137,fiber,true,dev,2026-09-16,training-20260915-s1
34327188:p00163,data_hosting,false,dev,2026-09-16,training-20260915-s1
33844146:p00215,mobile_towers,false,dev,2026-09-16,training-20260915-s1
40110459:p00328,cybersecurity,true,dev,2026-09-16,training-20260915-s1
33118666:p00197,cybersecurity,false,dev,2026-09-16,training-20260915-s1
33107441:p00439,fiber,false,dev,2026-09-16,training-20260915-s1
34394311:p00134,submarine_cable,true,dev,2026-09-16,training-20260915-s1
34254903:p00109,dpi,false,dev,2026-09-16,training-20260915-s1
34327188:p00163,submarine_cable,false,dev,2026-09-16,training-20260915-s1
33822742:p00477,drm_ews,true,dev,2026-09-16,training-20260915-s1
34295403:p00121,data_hosting,false,dev,2026-09-16,training-20260915-s1
33862093:p00172,fiber,false,dev,2026-09-16,training-20260915-s1
40087727:p00181,data_hosting,true,dev,2026-09-16,training-20260915-s1
33937854:p00434,submarine_cable,false,dev,2026-09-16,training-20260915-s1
32527137:p00335,mobile_towers,false,dev,2026-09-16,training-20260915-s1
31167658:p00199,access_connectivity,false,dev,2026-09-16,training-20260915-s1
34456824:p00038,cybersecurity,false,dev,2026-09-16,training-20260915-s1
33107441:p00630,fiber,true,dev,2026-09-16,training-20260915-s1
40087727:p00317,submarine_cable,true,dev,2026-09-16,training-20260915-s1
34194833:p00154,mobile_towers,false,dev,2026-09-16,training-20260915-s1
32527137:p00201,cybersecurity,false,dev,2026-09-16,training-20260915-s1
33819086:p00157,data_hosting,true,dev,2026-09-16,training-20260915-s1
34022655:p00176,fiber,false,dev,2026-09-16,training-20260915-s1
33819086:p00154,dpi,true,dev,2026-09-16,training-20260915-s1
33421881:p00170,cybersecurity,true,dev,2026-09-16,training-20260915-s1
40105675:p00183,access_connectivity,true,dev,2026-09-16,training-20260915-s1
34429409:p00151,access_connectivity,true,dev,2026-09-16,training-20260915-s1
32108178:p00207,cybersecurity,true,dev,2026-09-16,training-20260915-s1
34049907:p00143,submarine_cable,true,dev,2026-09-16,training-20260915-s1
32108178:p00690,mobile_towers,false,dev,2026-09-16,training-20260915-s1
34022655:p00490,submarine_cable,false,dev,2026-09-16,training-20260915-s1
33813209:p00183,mobile_towers,false,dev,2026-09-16,training-20260915-s1
34338772:p00689,fiber,true,dev,2026-09-16,training-20260915-s1
31747152:p00503,submarine_cable,false,dev,2026-09-16,training-20260915-s1
31167658:p00571,mobile_towers,true,dev,2026-09-16,training-20260915-s1
34022655:p00176,access_connectivity,false,dev,2026-09-16,training-20260915-s1
33819612:p00162,submarine_cable,false,dev,2026-09-16,training-20260915-s1
34295403:p00121,fiber,false,dev,2026-09-16,training-20260915-s1
34441286:p00049,access_connectivity,false,dev,2026-09-16,training-20260915-s1
31167658:p00647,drm_ews,false,dev,2026-09-16,training-20260915-s1
33844146:p00141,drm_ews,false,dev,2026-09-16,training-20260915-s1
33191006:p00174,dpi,true,dev,2026-09-16,training-20260915-s1
32527137:p00201,data_hosting,false,dev,2026-09-16,training-20260915-s1
33753850:p00331,data_hosting,false,dev,2026-09-16,training-20260915-s1
33819086:p00149,fiber,false,dev,2026-09-16,training-20260915-s1
31167658:p00524,data_hosting,false,dev,2026-09-16,training-20260915-s1
33835348:p00208,data_hosting,false,dev,2026-09-16,training-20260915-s1
40110459:p00230,access_connectivity,false,dev,2026-09-16,training-20260915-s1
33822742:p00477,cybersecurity,false,dev,2026-09-16,training-20260915-s1
40095037:p00183,drm_ews,false,dev,2026-09-16,training-20260915-s1
40109413:p00191,dpi,true,dev,2026-09-16,training-20260915-s1
33985963:p00143,submarine_cable,false,dev,2026-09-16,training-20260915-s1
33822742:p00175,fiber,false,dev,2026-09-16,training-20260915-s1
40082999:p00060,mobile_towers,false,dev,2026-09-16,training-20260915-s1
33835348:p00180,access_connectivity,true,dev,2026-09-16,training-20260915-s1
34310682:p00378,drm_ews,true,dev,2026-09-16,training-20260915-s1
40110459:p00231,cybersecurity,true,dev,2026-09-16,training-20260915-s1
40077325:p00041,dpi,false,dev,2026-09-16,training-20260915-s1
33118666:p00509,data_hosting,true,dev,2026-09-16,training-20260915-s1
33118666:p00226,fiber,false,dev,2026-09-16,training-20260915-s1
34310682:p00152,drm_ews,true,dev,2026-09-16,training-20260915-s1
34388773:p00119,drm_ews,false,dev,2026-09-16,training-20260915-s1
31747152:p00229,access_connectivity,false,dev,2026-09-16,training-20260915-s1
32321387:p00273,mobile_towers,false,dev,2026-09-16,training-20260915-s1
33937854:p00438,cybersecurity,false,dev,2026-09-16,training-20260915-s1
33822742:p00175,data_hosting,false,dev,2026-09-16,training-20260915-s1
33706639:p00234,data_hosting,false,dev,2026-09-16,training-20260915-s1
32527137:p00335,submarine_cable,false,dev,2026-09-16,training-20260915-s1
32971756:p00523,submarine_cable,false,dev,2026-09-16,training-20260915-s1
34327188:p00163,drm_ews,false,dev,2026-09-16,training-20260915-s1
34394311:p00140,fiber,false,dev,2026-09-16,training-20260915-s1
33985963:p00205,fiber,true,dev,2026-09-16,training-20260915-s1
34310682:p00191,access_connectivity,false,dev,2026-09-16,training-20260915-s1
40007594:p00099,cybersecurity,false,dev,2026-09-16,training-20260915-s1
34196069:p00238,dpi,true,dev,2026-09-16,training-20260915-s1
40028045:p00156,dpi,false,dev,2026-09-16,training-20260915-s1
33706639:p00538,mobile_towers,false,dev,2026-09-16,training-20260915-s1
34428613:p00337,cybersecurity,true,dev,2026-09-16,training-20260915-s1
31338295:p00287,access_connectivity,false,dev,2026-09-16,training-20260915-s1
34388773:p00201,access_connectivity,false,dev,2026-09-16,training-20260915-s1
33937854:p00504,dpi,false,dev,2026-09-16,training-20260915-s1
32159893:p00122,access_connectivity,false,dev,2026-09-16,training-20260915-s1
32971756:p00523,data_hosting,false,dev,2026-09-16,training-20260915-s1
32108178:p00207,mobile_towers,false,dev,2026-09-16,training-20260915-s1
33602788:p00500,submarine_cable,false,dev,2026-09-16,training-20260915-s1
34049907:p00546,data_hosting,false,dev,2026-09-16,training-20260915-s1
40042661:p00268,fiber,false,dev,2026-09-16,training-20260915-s1
33862093:p00216,cybersecurity,false,dev,2026-09-16,training-20260915-s1
34338772:p00746,fiber,true,dev,2026-09-16,training-20260915-s1
31866361:p00261,dpi,false,dev,2026-09-16,training-20260915-s1
33706639:p00261,access_connectivity,false,dev,2026-09-16,training-20260915-s1
40110459:p00484,fiber,false,dev,2026-09-16,training-20260915-s1
40028045:p00156,drm_ews,false,dev,2026-09-16,training-20260915-s1
32108178:p00792,mobile_towers,false,dev,2026-09-16,training-20260915-s1
32159893:p00368,data_hosting,false,dev,2026-09-16,training-20260915-s1
34428613:p00337,fiber,false,dev,2026-09-16,training-20260915-s1
32527137:p00335,data_hosting,false,dev,2026-09-16,training-20260915-s1
32527137:p00201,dpi,false,dev,2026-09-16,training-20260915-s1
34310682:p00147,dpi,false,dev,2026-09-16,training-20260915-s1
33862093:p00188,drm_ews,true,dev,2026-09-16,training-20260915-s1
31747152:p00578,mobile_towers,false,dev,2026-09-16,training-20260915-s1
40087727:p00181,access_connectivity,false,dev,2026-09-16,training-20260915-s1
34456824:p00038,submarine_cable,false,dev,2026-09-16,training-20260915-s1
40109413:p00070,drm_ews,false,dev,2026-09-16,training-20260915-s1
33862093:p00175,fiber,false,dev,2026-09-16,training-20260915-s1
40083718:p00077,data_hosting,false,dev,2026-09-16,training-20260915-s1
32159893:p00544,drm_ews,false,dev,2026-09-16,training-20260915-s1
40077325:p00041,drm_ews,false,dev,2026-09-16,training-20260915-s1
40110459:p00484,cybersecurity,false,dev,2026-09-16,training-20260915-s1
33844146:p00215,submarine_cable,false,dev,2026-09-16,training-20260915-s1
33813209:p00183,dpi,false,dev,2026-09-16,training-20260915-s1
40087727:p00168,cybersecurity,false,dev,2026-09-16,training-20260915-s1
34394311:p00142,cybersecurity,false,dev,2026-09-16,training-20260915-s1
33602788:p00249,submarine_cable,false,dev,2026-09-16,training-20260915-s1
40110459:p00484,drm_ews,false,dev,2026-09-16,training-20260915-s1
34222788:p00237,cybersecurity,false,dev,2026-09-16,training-20260915-s1
31167658:p00647,mobile_towers,true,dev,2026-09-16,training-20260915-s1
31747152:p00524,access_connectivity,false,dev,2026-09-16,training-20260915-s1
34394311:p00084,fiber,true,dev,2026-09-16,training-20260915-s1
31747152:p00524,data_hosting,false,dev,2026-09-16,training-20260915-s1
40105675:p00198,data_hosting,false,dev,2026-09-16,training-20260915-s1
33985963:p00149,cybersecurity,true,dev,2026-09-16,training-20260915-s1
33345981:p00266,dpi,false,dev,2026-09-16,training-20260915-s1
31747152:p00524,dpi,true,dev,2026-09-16,training-20260915-s1
33819086:p00157,drm_ews,false,dev,2026-09-16,training-20260915-s1
33118666:p00225,cybersecurity,true,dev,2026-09-16,training-20260915-s1
40013198:p00272,fiber,false,dev,2026-09-16,training-20260915-s1
31167658:p00571,access_connectivity,true,dev,2026-09-16,training-20260915-s1
33107441:p00399,data_hosting,false,dev,2026-09-16,training-20260915-s1
33118666:p00225,data_hosting,false,dev,2026-09-16,training-20260915-s1
31866361:p00137,fiber,false,dev,2026-09-16,training-20260915-s1
40110459:p00484,mobile_towers,false,dev,2026-09-16,training-20260915-s1
40007594:p00099,access_connectivity,false,dev,2026-09-16,training-20260915-s1
40087727:p00168,submarine_cable,true,dev,2026-09-16,training-20260915-s1
34049907:p00678,submarine_cable,false,dev,2026-09-16,training-20260915-s1
33937854:p00504,data_hosting,true,dev,2026-09-16,training-20260915-s1
31866361:p00259,mobile_towers,false,dev,2026-09-16,training-20260915-s1
33753850:p00267,cybersecurity,true,dev,2026-09-16,training-20260915-s1
33118666:p00225,submarine_cable,false,dev,2026-09-16,training-20260915-s1
33706639:p00261,drm_ews,true,dev,2026-09-16,training-20260915-s1
40083718:p00077,drm_ews,false,dev,2026-09-16,training-20260915-s1
34022655:p00490,mobile_towers,false,dev,2026-09-16,training-20260915-s1
40052992:p00160,dpi,false,dev,2026-09-16,training-20260915-s1
34441286:p00049,drm_ews,false,dev,2026-09-16,training-20260915-s1
40110459:p00230,data_hosting,false,dev,2026-09-16,training-20260915-s1
32626249:p00168,drm_ews,true,dev,2026-09-16,training-20260915-s1
33753850:p00253,submarine_cable,false,dev,2026-09-16,training-20260915-s1
31747152:p00229,fiber,false,dev,2026-09-16,training-20260915-s1
40095037:p00183,cybersecurity,false,dev,2026-09-16,training-20260915-s1
33815663:p00375,drm_ews,false,dev,2026-09-16,training-20260915-s1
33107441:p00439,data_hosting,false,dev,2026-09-16,training-20260915-s1
33786588:p00205,mobile_towers,false,dev,2026-09-16,training-20260915-s1
34295403:p00038,dpi,true,dev,2026-09-16,training-20260915-s1
34022655:p00392,access_connectivity,true,dev,2026-09-16,training-20260915-s1
40115059:p00663,data_hosting,false,dev,2026-09-16,training-20260915-s1
31747152:p00715,access_connectivity,false,dev,2026-09-16,training-20260915-s1
33835348:p00180,mobile_towers,false,dev,2026-09-16,training-20260915-s1
34397339:p00103,dpi,false,dev,2026-09-16,training-20260915-s1
31747152:p00715,drm_ews,false,dev,2026-09-16,training-20260915-s1
33602788:p00151,fiber,false,dev,2026-09-16,training-20260915-s1
40028045:p00156,cybersecurity,false,dev,2026-09-16,training-20260915-s1
31747152:p00578,drm_ews,false,dev,2026-09-16,training-20260915-s1
33813209:p00183,access_connectivity,false,dev,2026-09-16,training-20260915-s1
33118666:p00226,cybersecurity,true,dev,2026-09-16,training-20260915-s1
32971756:p00393,data_hosting,false,dev,2026-09-16,training-20260915-s1
33706639:p00296,submarine_cable,false,dev,2026-09-16,training-20260915-s1
40115059:p00715,submarine_cable,true,dev,2026-09-16,training-20260915-s1
33937854:p00472,fiber,true,dev,2026-09-16,training-20260915-s1
32527137:p00335,access_connectivity,false,dev,2026-09-16,training-20260915-s1
33191006:p00174,cybersecurity,true,dev,2026-09-16,training-20260915-s1
33813209:p00183,submarine_cable,false,dev,2026-09-16,training-20260915-s1
34310682:p00134,data_hosting,true,dev,2026-09-16,training-20260915-s1
33835349:p00191,submarine_cable,false,dev,2026-09-16,training-20260915-s1
34327188:p00163,cybersecurity,false,dev,2026-09-16,training-20260915-s1
40081106:p00085,access_connectivity,false,dev,2026-09-16,training-20260915-s1
33937854:p00472,cybersecurity,false,dev,2026-09-16,training-20260915-s1
40083718:p00077,cybersecurity,false,dev,2026-09-16,training-20260915-s1
34428613:p00337,submarine_cable,false,dev,2026-09-16,training-20260915-s1
34194833:p00292,submarine_cable,false,dev,2026-09-16,training-20260915-s1
34429409:p00151,data_hosting,false,dev,2026-09-16,training-20260915-s1
33107441:p00139,submarine_cable,false,dev,2026-09-16,training-20260915-s1
33118666:p00236,dpi,false,dev,2026-09-16,training-20260915-s1
31866361:p00269,data_hosting,false,dev,2026-09-16,training-20260915-s1
33835348:p00230,cybersecurity,true,dev,2026-09-16,training-20260915-s1
34049907:p00546,submarine_cable,false,dev,2026-09-16,training-20260915-s1
33706639:p00538,submarine_cable,false,dev,2026-09-16,training-20260915-s1
40087727:p00317,dpi,false,dev,2026-09-16,training-20260915-s1
31747152:p00503,cybersecurity,true,dev,2026-09-16,training-20260915-s1
31747152:p00503,data_hosting,false,dev,2026-09-16,training-20260915-s1
33819086:p00154,mobile_towers,false,dev,2026-09-16,training-20260915-s1
33706639:p00426,submarine_cable,false,dev,2026-09-16,training-20260915-s1
33815663:p00375,access_connectivity,true,dev,2026-09-16,training-20260915-s1
33835348:p00186,dpi,true,dev,2026-09-16,training-20260915-s1
33706639:p00538,dpi,false,dev,2026-09-16,training-20260915-s1
34049907:p00224,fiber,true,dev,2026-09-16,training-20260915-s1
34388773:p00237,fiber,false,dev,2026-09-16,training-20260915-s1
33706639:p00194,fiber,false,dev,2026-09-16,training-20260915-s1
40105675:p00198,access_connectivity,true,dev,2026-09-16,training-20260915-s1
34441286:p00049,fiber,false,dev,2026-09-16,training-20260915-s1
31167658:p00524,submarine_cable,false,dev,2026-09-16,training-20260915-s1
31338295:p00161,submarine_cable,false,dev,2026-09-16,training-20260915-s1
31747152:p00203,drm_ews,false,dev,2026-09-16,training-20260915-s1
33706639:p00538,data_hosting,false,dev,2026-09-16,training-20260915-s1
34295403:p00121,drm_ews,false,dev,2026-09-16,training-20260915-s1
32971756:p00523,cybersecurity,true,dev,2026-09-16,training-20260915-s1
31866361:p00257,data_hosting,false,dev,2026-09-16,training-20260915-s1
33706639:p00538,fiber,false,dev,2026-09-16,training-20260915-s1
