fetch_id,source,endpoint,query_params,fetched_at,record_count,response_sha256
013b0cd2116115cf,awards,https://search.worldbank.org/api/contractdata,format=json&rows=500&os=0&projectid=P167183,2026-09-15T22:05:44Z,165,294fae46d42db422a8a0ae3d0d59d461ed6cc942f2c857fe19d0ea9b3660b425
02109387f359c68d,notices,https://search.worldbank.org/api/v2/procnotices,format=json&rows=500&os=0&project_id=P180693,2026-09-15T22:05:26Z,53,c4e6e71cf928d3c9d4d4e7424b9317f9f442f91baa714b973773e047ff8ab916
0462d80f9ee254db,awards,https://search.worldbank.org/api/contractdata,format=json&rows=500&os=0&projectid=P179204,2026-09-15T22:06:02Z,14,24a322a45dd2e5f2a3757e1ddd574b760a26f545397ad4e6f75d9542f8ae2617
0561be8ac1a8c26d,documents,https://search.worldbank.org/api/v3/wds,format=json&rows=200&projectid=P171099&docty=Procurement+Plan&fl=id%2Cdocty%2Cdisplay_title%2Cdisclosure_date%2Ctxturl%2Cpdfurl%2Clang%2Cprojectid,2026-09-15T22:07:58Z,65,b2550cd03ea626ca538d50dd6b7b0f22e95e87fb5df750a6601d0f52c1244b19
0bb9e15c4cfdd63a,awards,https://search.worldbank.org/api/contractdata,format=json&rows=500&os=0&projectid=P173373,2026-09-15T22:05:52Z,91,a7ae9edb99afd4f4ab9310c61a75e70c0b9377c6641010263d58e9fdb098f416
0c222449c19246e4,awards,https://search.worldbank.org/api/contractdata,format=json&rows=500&os=0&projectid=P180693,2026-09-15T22:06:04Z,24,66d71dfb9d064ff08aeb24b4104b38f61a92438d70ef957d66081ac4c058bbdb
0c7a7a7c1cd2019d,notices,https://search.worldbank.org/api/v2/procnotices,format=json&rows=500&os=0&project_id=P506791,2026-09-15T22:05:40Z,0,1ba4e6add8215b8bd49dc2205ac80989e49ae307e8936f495d6c591633326d8b
1085cb996b6b8343,notices,https://search.worldbank.org/api/v2/procnotices,format=json&rows=500&os=0&project_id=P179040,2026-09-15T22:05:07Z,121,e5b255b97780e0da085468cc27e6644a43d98413535e6e41b5d3a19dbb71047b
10ff8c780617555d,notices,https://search.worldbank.org/api/v2/procnotices,format=json&rows=500&os=0&project_id=P176396,2026-09-15T22:04:51Z,257,d8360ea58b8702096c28ccd1fa4e8135d2be30562778764eed84ff781729417f
11328c78d6d5b76b,documents,https://search.worldbank.org/api/v3/wds,format=json&rows=200&projectid=P176396&docty=Procurement+Plan&fl=id%2Cdocty%2Cdisplay_title%2Cdisclosure_date%2Ctxturl%2Cpdfurl%2Clang%2Cprojectid,2026-09-15T22:08:09Z,55,ff5dfad8dcb22712033477fa000adabcb70186b69a78417f69603afaadc6a5c6
12631e4f9583d0c0,awards,https://search.worldbank.org/api/contractdata,format=json&rows=500&os=0&projectid=P177158,2026-09-15T22:06:00Z,53,7d83a0501573e8068e51e98a88c6f760e9fce04cad8e3ddcdf561a8b0779a0e6
128d19384f0cddf5,documents,https://search.worldbank.org/api/v3/wds,format=json&rows=200&projectid=P500628&docty=Procurement+Plan&fl=id%2Cdocty%2Cdisplay_title%2Cdisclosure_date%2Ctxturl%2Cpdfurl%2Clang%2Cprojectid,2026-09-15T22:08:22Z,30,abf424d1597eaa0bfb338dd92dd6fb1f1faca3680680bfca60d5bba71775e1f8
1483203cd016671a,awards,https://search.worldbank.org/api/contractdata,format=json&rows=500&os=0&projectid=P500628,2026-09-15T22:06:07Z,1,9f8c2bad2eae2606ebd5731bcedf677711b9ef2ecbd9536fb17abc08ab767854
14c9d67e791cc973,awards,https://search.worldbank.org/api/contractdata,format=json&rows=500&os=0&projectid=P170910,2026-09-15T22:05:47Z,0,21fdc86d1384a15f9c683827dc684cacaaa8a916f4a41fbe7a7d5ccc24377f64
1645e5e882f2d85b,documents,https://search.worldbank.org/api/v3/wds,format=json&rows=200&projectid=P167588&docty=Procurement+Plan&fl=id%2Cdocty%2Cdisplay_title%2Cdisclosure_date%2Ctxturl%2Cpdfurl%2Clang%2Cprojectid,2026-09-15T22:07:54Z,35,6b339e60a7826822bebbb4aa228e2084c3ac1861ee0666c8bb13d71a5aca6997
16d863a9a68cf9f1,documents,https://search.worldbank.org/api/v3/wds,format=json&rows=200&projectid=P169945&docty=Procurement+Plan&fl=id%2Cdocty%2Cdisplay_title%2Cdisclosure_date%2Ctxturl%2Cpdfurl%2Clang%2Cprojectid,2026-09-15T22:07:55Z,0,462a19458fc5ad746a413b0c57f3c855ff0037cd4b1771bec445c23397a5d6de
178ecfba2efd0c02,awards,https://search.worldbank.org/api/contractdata,format=json&rows=500&os=0&projectid=P180000,2026-09-15T22:06:03Z,39,ba4870498c8758eba416d4313c36052f02505f277106068d03d9313ed944da53
1a6e0cb4539e3475,awards,https://search.worldbank.org/api/contractdata,format=json&rows=500&os=0&projectid=P161086,2026-09-15T21:46:29Z,87,916f99c4177d6bfe12bd53a8e639726a270fbeb9ba0f04e56deb585be2ef3f33
1b96ec7e661e1940,notices,https://search.worldbank.org/api/v2/procnotices,format=json&rows=500&os=0&project_id=P172350,2026-09-15T22:04:41Z,171,51fb592f19f2e212dcbfafd6d540207c77bee2fcfba9fa11021992429623acbc
1dcc146470788653,notices,https://search.worldbank.org/api/v2/procnotices,format=json&rows=500&os=0&project_id=P174620,2026-09-15T22:04:46Z,147,9e8898aa0c4919a380dbd8f0ffbe359e02b8aa6044ba95b6f1b459d5d7a12a5a
1e5b9094f769eb3b,awards,https://search.worldbank.org/api/contractdata,format=json&rows=500&os=0&projectid=P502532,2026-09-15T22:06:08Z,24,a3fc13cc216b7184f78ad30e7b4701e00c082be6324facdab8a470ed5fdb652b
1ebe989e14851251,documents,https://search.worldbank.org/api/v3/wds,format=json&rows=200&projectid=P176108&docty=Procurement+Plan&fl=id%2Cdocty%2Cdisplay_title%2Cdisclosure_date%2Ctxturl%2Cpdfurl%2Clang%2Cprojectid,2026-09-15T22:08:07Z,27,bd56fb7d9fade96db0eee7097d29b382ce10fa2f35e40f91c030c26fd4967fb4
1fdfcd5655aa56bd,awards,https://search.worldbank.org/api/contractdata,format=json&rows=500&os=0&projectid=P181324,2026-09-15T22:06:06Z,8,622207a3a93ff17af8a716c5cb36c854006729cb1733c331141d72ac28583bb1
20222b4b6a0868db,documents,https://search.worldbank.org/api/v3/wds,format=json&rows=200&projectid=P181416&docty=Procurement+Plan&fl=id%2Cdocty%2Cdisplay_title%2Cdisclosure_date%2Ctxturl%2Cpdfurl%2Clang%2Cprojectid,2026-09-15T22:08:21Z,0,462a19458fc5ad746a413b0c57f3c855ff0037cd4b1771bec445c23397a5d6de
210aa97d456e0364,awards,https://search.worldbank.org/api/contractdata,format=json&rows=500&os=0&projectid=P180059,2026-09-15T22:06:03Z,42,b9a01e208684cfe40cef956eb07a25fbdb9e17d628bf7bc9b9270bc2dbf8a38c
213b9619a522ccdc,awards,https://search.worldbank.org/api/contractdata,format=json&rows=500&os=0&projectid=P177040,2026-09-15T22:05:59Z,19,3499912559482dfebe037522fbf9043216f67d1d079c318385e27520d402bc2d
2231f88638f4d890,documents,https://search.worldbank.org/api/v3/wds,format=json&rows=200&projectid=P180462&docty=Procurement+Plan&fl=id%2Cdocty%2Cdisplay_title%2Cdisclosure_date%2Ctxturl%2Cpdfurl%2Clang%2Cprojectid,2026-09-15T22:08:18Z,11,8ed697f51f3c13cccc05d873d4462e512a53947e5dfd43f94e8b4397d91391cf
23177c95993d63b5,awards,https://search.worldbank.org/api/contractdata,format=json&rows=500&os=0&projectid=P172524,2026-09-15T22:05:51Z,64,04164c02d0cfa92ebaae61ebbdb1b3a578ae3e60e3b92876c4c9c6a35064ee24
23bda5140e69db36,documents,https://search.worldbank.org/api/v3/wds,format=json&rows=200&projectid=P180693&docty=Procurement+Plan&fl=id%2Cdocty%2Cdisplay_title%2Cdisclosure_date%2Ctxturl%2Cpdfurl%2Clang%2Cprojectid,2026-09-15T22:08:19Z,17,c39355f23b1f5568a49e6ad36d2b5855c79ce03b8f7110995709020e870f5e89
2aafafed4b9691c0,documents,https://search.worldbank.org/api/v3/wds,format=json&rows=200&projectid=P179040&docty=Procurement+Plan&fl=id%2Cdocty%2Cdisplay_title%2Cdisclosure_date%2Ctxturl%2Cpdfurl%2Clang%2Cprojectid,2026-09-15T22:08:16Z,36,172dad3cfd491ff516cba820f3358f3473ef83c05afcf5dbdb457e2c27b9a384
2bf70b496794c852,documents,https://search.worldbank.org/api/v3/wds,format=json&rows=200&projectid=P505094&docty=Procurement+Plan&fl=id%2Cdocty%2Cdisplay_title%2Cdisclosure_date%2Ctxturl%2Cpdfurl%2Clang%2Cprojectid,2026-09-15T22:08:24Z,26,0ce3db2c5d2abaa90b9c746b125bcb50abd861a5f7ba061a10dc98ef6375c1a0
2f2aa7cfbc8ef08f,notices,https://search.worldbank.org/api/v2/procnotices,format=json&rows=500&os=0&project_id=P167183,2026-09-15T22:04:30Z,188,477a43348a762b77eaa70a94595266e9be0c8f4d6362e70d3b05d3d4a6f32206
32d6c1215f459633,documents,https://search.worldbank.org/api/v3/wds,format=json&rows=200&projectid=P171528&docty=Procurement+Plan&fl=id%2Cdocty%2Cdisplay_title%2Cdisclosure_date%2Ctxturl%2Cpdfurl%2Clang%2Cprojectid,2026-09-15T22:08:00Z,138,68e100be9b77e618aa1fb89d370e3c54fdb9a69d9e4312b8d91d6dace8c74531
330e06c94947c544,documents,https://search.worldbank.org/api/v3/wds,format=json&rows=200&projectid=P177040&docty=Procurement+Plan&fl=id%2Cdocty%2Cdisplay_title%2Cdisclosure_date%2Ctxturl%2Cpdfurl%2Clang%2Cprojectid,2026-09-15T22:08:13Z,26,12de0bf5dfe6acbdf869cf583164e8ae6442ef6a75043caef22fc7d8734a2073
3312e688c518f133,notices,https://search.worldbank.org/api/v2/procnotices,format=json&rows=500&os=0&project_id=P508948,2026-09-15T22:05:42Z,6,0d93fdda5a7f9737f109d36475be123434eb0de7e701947e0ddc055ff981fcb5
33ee48cd3bd1ea57,awards,https://search.worldbank.org/api/contractdata,format=json&rows=500&os=0&projectid=P174402,2026-09-15T22:05:52Z,35,f0e349485638639533b66924129d91f5cb70b4e4f5e2054779209002fb181676
348fdcb59dfb1bcf,documents,https://search.worldbank.org/api/v3/wds,format=json&rows=200&projectid=P160766&docty=Procurement+Plan&fl=id%2Cdocty%2Cdisplay_title%2Cdisclosure_date%2Ctxturl%2Cpdfurl%2Clang%2Cprojectid,2026-09-15T22:07:51Z,52,b1c6ba55dd88c40f6346c49168e17427461b3b9d1743e6cfb292771ac282d12f
34b2e900828c01a7,notices,https://search.worldbank.org/api/v2/procnotices,format=json&rows=500&os=0&project_id=P500570,2026-09-15T22:05:29Z,6,19de85a2ee0da6f6433f70d46435147f0b041c8fe05dbd6a2f1959616dffbbdd
34f191052eefde06,awards,https://search.worldbank.org/api/contractdata,format=json&rows=500&os=0&projectid=P180807,2026-09-15T22:06:05Z,14,046244470162b0de981f21e739b430ea9e1db3b90ec28be4c993d4beb816f07a
3505ddbd1a83490c,notices,https://search.worldbank.org/api/v2/procnotices,format=json&rows=500&os=0&project_id=P171034,2026-09-15T22:04:36Z,264,c4f335c7be8b788e8b954c21353457aad28c9b40916e45d6e038f8496a3fbefa
36706ffce1642d0f,notices,https://search.worldbank.org/api/v2/procnotices,format=json&rows=500&os=0&project_id=P171305,2026-09-15T22:04:38Z,152,b46e8e86a72503aa19fc905543ddd21fb0fad02550ec086e810ebae34bbafcfa
38ea6781d79453fb,notices,https://search.worldbank.org/api/v2/procnotices,format=json&rows=500&os=0&project_id=P167588,2026-09-15T22:04:32Z,38,c244519d98f942eec9625dad5ee6bb740e4c70a2d6d1077c5a1c0c71030c6ec4
398b4c74ea5b1060,notices,https://search.worldbank.org/api/v2/procnotices,format=json&rows=500&os=0&project_id=P176733,2026-09-15T22:04:54Z,4,f547a1201975cde760c440c36a42f51c3b8730a8381e108192344ad9ce81a1dd
39b49a8bf7f6cc75,notices,https://search.worldbank.org/api/v2/procnotices,format=json&rows=500&os=0&project_id=P177158,2026-09-15T22:05:05Z,82,bbc00fe0b8c3d15243999f89d614e3e631fca0be467950f8f4b48fb3c0609115
3b34dd0cd7b49902,notices,https://search.worldbank.org/api/v2/procnotices,format=json&rows=500&os=0&project_id=P177478,2026-09-15T22:05:06Z,61,6aa821f4f53b5e2360a104c5f9c95dc06fc45c9a94b87d03a7c358c5dababda3
3b391a1531c976fc,awards,https://search.worldbank.org/api/contractdata,format=json&rows=500&os=0&projectid=P508363,2026-09-15T22:06:10Z,0,21fdc86d1384a15f9c683827dc684cacaaa8a916f4a41fbe7a7d5ccc24377f64
3cab6d864dfa8c56,notices,https://search.worldbank.org/api/v2/procnotices,format=json&rows=500&os=0&project_id=P500628,2026-09-15T22:05:30Z,11,aebf5982c6c270114668c28eeea4ec78558c3f6f02866b8b2e4867f4e3871a3d
3d6bef3f8b823901,documents,https://search.worldbank.org/api/v3/wds,format=json&rows=200&projectid=P176126&docty=Procurement+Plan&fl=id%2Cdocty%2Cdisplay_title%2Cdisclosure_date%2Ctxturl%2Cpdfurl%2Clang%2Cprojectid,2026-09-15T22:08:07Z,25,c2914cfe01f2993b48c5ea879d2f8c74629044716c99f79edab16c8b6807940e
3f15f970fdd518df,notices,https://search.worldbank.org/api/v2/procnotices,format=json&rows=500&os=0&project_id=P505095,2026-09-15T22:05:32Z,136,acbe38dc9b51bb52869ae22c286d54a218098df0e6e35c0f8871619aeb6238c2
3fb0aed302e55968,documents,https://search.worldbank.org/api/v3/wds,format=json&rows=200&projectid=P170718&docty=Procurement+Plan&fl=id%2Cdocty%2Cdisplay_title%2Cdisclosure_date%2Ctxturl%2Cpdfurl%2Clang%2Cprojectid,2026-09-15T22:07:56Z,88,fa4537c82a46b3a32d0e347aabaa8cdbc04253e870af1ae957dad0fc36d0fd50
4184c1d51a99f91b,documents,https://search.worldbank.org/api/v3/wds,format=json&rows=200&projectid=P176317&docty=Procurement+Plan&fl=id%2Cdocty%2Cdisplay_title%2Cdisclosure_date%2Ctxturl%2Cpdfurl%2Clang%2Cprojectid,2026-09-15T22:08:09Z,11,3dd258d68298f5b6c9cd3ae26a456e7d835714269a9751ba88b37b97df29eb1c
421585f9f915a09d,notices,https://search.worldbank.org/api/v2/procnotices,format=json&rows=500&os=0&project_id=P179204,2026-09-15T22:05:08Z,3,54fc9b7f38b8537eba3204efaa14629698a3751bace9bd1c15c9686827022995
421b2451b34aa9f5,notices,https://search.worldbank.org/api/v2/procnotices,format=json&rows=500&os=0&project_id=P171517,2026-09-15T22:04:38Z,50,cec2b4d3672a8b5e1873c447c0c7922a2cb0ec97fbe220ab689fedbb9779450f
428e61bef09ebd60,documents,https://search.worldbank.org/api/v3/wds,format=json&rows=200&projectid=P169698&docty=Procurement+Plan&fl=id%2Cdocty%2Cdisplay_title%2Cdisclosure_date%2Ctxturl%2Cpdfurl%2Clang%2Cprojectid,2026-09-15T22:07:55Z,65,71f58638da8a71ba9a83b26e1b630f018689490e754f14e1510c06f8797a199d
43403a3f21d79290,notices,https://search.worldbank.org/api/v2/procnotices,format=json&rows=500&os=0&project_id=P180000,2026-09-15T22:05:25Z,71,ae4e4d49a7bea5fe9ae2bf996932310f60b20f84196ffebf68e8ea0b0fcc10c3
4411b0dfcafe90f4,documents,https://search.worldbank.org/api/v3/wds,format=json&rows=200&projectid=P180495&docty=Procurement+Plan&fl=id%2Cdocty%2Cdisplay_title%2Cdisclosure_date%2Ctxturl%2Cpdfurl%2Clang%2Cprojectid,2026-09-15T22:08:19Z,15,b43402b021e2ec08a6584925a1f56f870477111798dc9a86e880c99fa4e0e2fc
457a5cb9ea77e6eb,awards,https://search.worldbank.org/api/contractdata,format=json&rows=500&os=0&projectid=P177022,2026-09-15T22:05:59Z,51,9cb2758c97534178eeac3d53d4d4ddc895706a89cc2a267fb7c0d36b13070ffb
48303931dd2cd5d0,awards,https://search.worldbank.org/api/contractdata,format=json&rows=500&os=0&projectid=P171099,2026-09-15T22:05:48Z,103,83a799098014a97d5ab596632ee779719c7ceaac5b41c17ffbfad7e04d75ae6f
49295ee5ec182946,documents,https://search.worldbank.org/api/v3/wds,format=json&rows=200&projectid=P179108&docty=Procurement+Plan&fl=id%2Cdocty%2Cdisplay_title%2Cdisclosure_date%2Ctxturl%2Cpdfurl%2Clang%2Cprojectid,2026-09-15T22:08:16Z,26,2a43bcf903a5dee9141decd1fb4651d50aae90174ee8c00f7b581b648f46cf1c
497de1f9ef3269cc,awards,https://search.worldbank.org/api/contractdata,format=json&rows=500&os=0&projectid=P167588,2026-09-15T22:05:45Z,19,55af3b5c911dffb9066dcee75df17ddc155f21732cb4a4418cad580a3964b37d
4a16382075f217cf,awards,https://search.worldbank.org/api/contractdata,format=json&rows=500&os=0&projectid=P180462,2026-09-15T22:06:04Z,10,370e422e96afcc4b11e8d227a2cc6a674f66205811e716f1270b3df09f61f5d5
4a4f1801a2d8992c,documents,https://search.worldbank.org/api/v3/wds,format=json&rows=200&projectid=P176631&docty=Procurement+Plan&fl=id%2Cdocty%2Cdisplay_title%2Cdisclosure_date%2Ctxturl%2Cpdfurl%2Clang%2Cprojectid,2026-09-15T22:08:11Z,20,6c208b2068a70a1480c39948241cffe3d58dfd52c8e7348c6744671f9134a4d8
4c10d0b8e2c67442,documents,https://search.worldbank.org/api/v3/wds,format=json&rows=200&projectid=P175987&docty=Procurement+Plan&fl=id%2Cdocty%2Cdisplay_title%2Cdisclosure_date%2Ctxturl%2Cpdfurl%2Clang%2Cprojectid,2026-09-15T22:08:06Z,17,6e99300c20c4f76f5f140c19d6b54ef43207502edea8cdf1eeb8582fd5b23bac
4dd55f0987e5d50e,notices,https://search.worldbank.org/api/v2/procnotices,format=json&rows=500&os=0&project_id=P502532,2026-09-15T22:05:31Z,27,96aef06b5687903c616492855571534a9c9c5b0dc958f62f9448fc01a8e71b97
4dec2dfb894c3821,awards,https://search.worldbank.org/api/contractdata,format=json&rows=500&os=0&projectid=P176396,2026-09-15T22:05:56Z,124,b745da3acee664983aa88e0380c69426d0c9b1ca67eefc55ccd0d5903c1b8956
4f778eb8f1d29f77,awards,https://search.worldbank.org/api/contractdata,format=json&rows=500&os=0&projectid=P180931,2026-09-15T22:06:05Z,30,1ca411f9d2a8e9037fd2c7e996cdfeb8e48b3da0e643e340f48f2dde6b57a963
51d2bb4412f3a3d0,documents,https://search.worldbank.org/api/v3/wds,format=json&rows=200&projectid=P179138&docty=Procurement+Plan&fl=id%2Cdocty%2Cdisplay_title%2Cdisclosure_date%2Ctxturl%2Cpdfurl%2Clang%2Cprojectid,2026-09-15T22:08:17Z,19,83aef02103b8b8097afa7296706b405ea1b2ee22a80ccdc8763f716920db3157
53fb22a6fab7760c,notices,https://search.worldbank.org/api/v2/procnotices,format=json&rows=500&os=0&project_id=P170910,2026-09-15T22:04:35Z,0,1ba4e6add8215b8bd49dc2205ac80989e49ae307e8936f495d6c591633326d8b
5477d19195a9b0cb,documents,https://search.worldbank.org/api/v3/wds,format=json&rows=200&projectid=P180000&docty=Procurement+Plan&fl=id%2Cdocty%2Cdisplay_title%2Cdisclosure_date%2Ctxturl%2Cpdfurl%2Clang%2Cprojectid,2026-09-15T22:08:17Z,31,e639133f98d1a4efbeb3604c9e9e75a32d52e98bc3d4d41e589bf8a6ec61f580
56336be53d9c83be,documents,https://search.worldbank.org/api/v3/wds,format=json&rows=200&projectid=P177478&docty=Procurement+Plan&fl=id%2Cdocty%2Cdisplay_title%2Cdisclosure_date%2Ctxturl%2Cpdfurl%2Clang%2Cprojectid,2026-09-15T22:08:15Z,52,c3f8e1aeb7eec8caf0b56275ccbc0579bf1e42d4a43d3baf64b2b7cd613d9241
5668320403d3b7b2,notices,https://search.worldbank.org/api/v2/procnotices,format=json&rows=500&os=0&project_id=P167543,2026-09-15T22:04:31Z,185,1865bdf4bde7609abb5822ad83aa44bf813ec0272d2993991964f6761181e5df
56d69ba0ce1843be,notices,https://search.worldbank.org/api/v2/procnotices,format=json&rows=500&os=0&project_id=P171528,2026-09-15T22:04:40Z,247,2317d3a438b5ecb19e78867d56fe3206085771f1231cf756baeb7b1cab5ec8c1
58930535f3072170,notices,https://search.worldbank.org/api/v2/procnotices,format=json&rows=500&os=0&project_id=P179138,2026-09-15T22:05:08Z,26,9f6abef95fc88de61f0f90143bb154140855dfdd110153589453e55d1aa0ae37
58b403c174433f37,awards,https://search.worldbank.org/api/contractdata,format=json&rows=500&os=0&projectid=P169698,2026-09-15T22:05:45Z,51,930af55106c364f3b9a38edadbee270bbee20bca2471a9c12b015cd56a668493
58b96f16f8000c26,notices,https://search.worldbank.org/api/v2/procnotices,format=json&rows=500&os=0&project_id=P508383,2026-09-15T22:05:42Z,21,75c768fc3f4aa09f7daa1e900679f1c910cacf0d6dd8b29a90b1f9c9fd1cbe66
5999f42c6a058c31,documents,https://search.worldbank.org/api/v3/wds,format=json&rows=200&projectid=P173373&docty=Procurement+Plan&fl=id%2Cdocty%2Cdisplay_title%2Cdisclosure_date%2Ctxturl%2Cpdfurl%2Clang%2Cprojectid,2026-09-15T22:08:04Z,48,7238306ffede7a92e4c31d777253bbb41efe18215e3b3192c31f5baef9335b84
5a656b51d1656dbc,awards,https://search.worldbank.org/api/contractdata,format=json&rows=500&os=0&projectid=P179138,2026-09-15T22:06:02Z,9,338bcf8b9d490c61702944363802eb8e703e820e324774c31ef89283c21f49b3
5a9f433e477d2706,notices,https://search.worldbank.org/api/v2/procnotices,format=json&rows=500&os=0&project_id=P175218,2026-09-15T22:04:47Z,59,ae033e8d345b823e60b626bb4877bc562b7e0189405efe5466a9fdca7bf806d7
5b83a22ecce682e0,notices,https://search.worldbank.org/api/v2/procnotices,format=json&rows=500&os=0&project_id=P180462,2026-09-15T22:05:26Z,20,e54fb129f5f363d9bb62f2b07b1ca54f83de27eac3225182192154299c80c5ce
5be7f136c8001bf4,documents,https://search.worldbank.org/api/v3/wds,format=json&rows=200&projectid=P179204&docty=Procurement+Plan&fl=id%2Cdocty%2Cdisplay_title%2Cdisclosure_date%2Ctxturl%2Cpdfurl%2Clang%2Cprojectid,2026-09-15T22:08:17Z,6,1ceb3c3304ee59c44c4e322e81327b9831e5cf82736ddc7ef40bc3354b3a960f
5fcafc15ced0f0b5,notices,https://search.worldbank.org/api/v2/procnotices,format=json&rows=500&os=0&project_id=P161086,2026-09-15T21:46:28Z,187,a7ac210e1e81d8cbb7d19a899b9722d4926bc9391a0315274ff76b884cc15a05
61a2f7dd1a90594c,notices,https://search.worldbank.org/api/v2/procnotices,format=json&rows=500&os=0&project_id=P176543,2026-09-15T22:04:53Z,2,1e3700cb42adca24b44f0c626099ade8005e166b8d703dace5752dec6d84f889
6358376007ebad15,notices,https://search.worldbank.org/api/v2/procnotices,format=json&rows=500&os=0&project_id=P181324,2026-09-15T22:05:29Z,3,10356cecc691dbd0b0833c7da764adfdb8fb26bfc48eaca27246aed63b82bb07
648c9c5d33d9ea43,awards,https://search.worldbank.org/api/contractdata,format=json&rows=500&os=0&projectid=P170718,2026-09-15T22:05:46Z,145,13f996eecc4e6beccf48d0c3c8a4a6b0ae1924d463b35e093ba21fc8e32b8cb6
6515088e36cfaa6f,awards,https://search.worldbank.org/api/contractdata,format=json&rows=500&os=0&projectid=P170658,2026-09-15T22:05:46Z,18,a191552ef1493e692c837feca5e6e113a27d61d363ebcdcdda11426c78a2178d
687abe119774cfc3,notices,https://search.worldbank.org/api/v2/procnotices,format=json&rows=500&os=0&project_id=P177040,2026-09-15T22:04:56Z,39,a57d25cd1277ae3e4205be0185c2d64a56f298e478e039994a09f8e0c6b022e2
6a34d4ea4cdea653,notices,https://search.worldbank.org/api/v2/procnotices,format=json&rows=500&os=0&project_id=P177022,2026-09-15T22:04:55Z,75,1f34efe246accbec4ee628b3c91a7da9dac0a6ea2425ba5c948208dc6e1ea627
6c737b0e3eb2340f,documents,https://search.worldbank.org/api/v3/wds,format=json&rows=200&projectid=P172350&docty=Procurement+Plan&fl=id%2Cdocty%2Cdisplay_title%2Cdisclosure_date%2Ctxturl%2Cpdfurl%2Clang%2Cprojectid,2026-09-15T22:08:01Z,59,8e2da53e9026c4b1b2f4b531c9c1ed92b29d333fb7b98e23611601b5792b5ff1
6cb2913d9737b622,documents,https://search.worldbank.org/api/v3/wds,format=json&rows=200&projectid=P505095&docty=Procurement+Plan&fl=id%2Cdocty%2Cdisplay_title%2Cdisclosure_date%2Ctxturl%2Cpdfurl%2Clang%2Cprojectid,2026-09-15T22:08:25Z,27,5e1ede7e69406fe0e7472a9c93a7338750c4bb12b52d3af8c01e42a7cd792e3c
6daf4ef87e1076b0,awards,https://search.worldbank.org/api/contractdata,format=json&rows=500&os=0&projectid=P176543,2026-09-15T22:05:57Z,0,21fdc86d1384a15f9c683827dc684cacaaa8a916f4a41fbe7a7d5ccc24377f64
6de8dc9f060a5a8a,awards,https://search.worldbank.org/api/contractdata,format=json&rows=500&os=0&projectid=P177077,2026-09-15T22:05:59Z,45,2889c14ecc356e884db2b4e8f0778af0468e72245b5cbe0f7ae8047b6ae32d61
6e04cd93728efa45,notices,https://search.worldbank.org/api/v2/procnotices,format=json&rows=500&os=0&project_id=P176108,2026-09-15T22:04:48Z,43,91a548d3de1a4836908ed4ca0965aad10278b64df60353bff1697aba5ab15b07
6e1e6f7dffc62245,notices,https://search.worldbank.org/api/v2/procnotices,format=json&rows=500&os=0&project_id=P160766,2026-09-15T21:46:27Z,152,37e3829e13cce468c68c6d0853bd22a564cedf2d43e621ff598a6463c4519098
6e552cb2d9b97e87,documents,https://search.worldbank.org/api/v3/wds,format=json&rows=200&projectid=P171034&docty=Procurement+Plan&fl=id%2Cdocty%2Cdisplay_title%2Cdisclosure_date%2Ctxturl%2Cpdfurl%2Clang%2Cprojectid,2026-09-15T22:07:58Z,82,14ed76c6a4cad8496c73682df5a93f47ef025e02393f11b2e93115981f065e79
7299d0f3f32c1d2c,documents,https://search.worldbank.org/api/v3/wds,format=json&rows=200&projectid=P167183&docty=Procurement+Plan&fl=id%2Cdocty%2Cdisplay_title%2Cdisclosure_date%2Ctxturl%2Cpdfurl%2Clang%2Cprojectid,2026-09-15T22:07:53Z,79,e11690f9656e1fa69e22e38940a5eb900e39ee3e49ec4db680be5ed75e8ccef6
7351fa1ebaf6302a,documents,https://search.worldbank.org/api/v3/wds,format=json&rows=200&projectid=P178609&docty=Procurement+Plan&fl=id%2Cdocty%2Cdisplay_title%2Cdisclosure_date%2Ctxturl%2Cpdfurl%2Clang%2Cprojectid,2026-09-15T22:08:16Z,26,d8de2d3db0a7505a2e546f7eadf337231f679b56f4a373bcb38f91568e927de4
742dad9ee817349d,notices,https://search.worldbank.org/api/v2/procnotices,format=json&rows=500&os=0&project_id=P180807,2026-09-15T22:05:27Z,12,58a9488c3036da5221c70d79f2e93ea0e5015969e407c15cd1d6077414359f3a
74cc39839d435049,documents,https://search.worldbank.org/api/v3/wds,format=json&rows=200&projectid=P177022&docty=Procurement+Plan&fl=id%2Cdocty%2Cdisplay_title%2Cdisclosure_date%2Ctxturl%2Cpdfurl%2Clang%2Cprojectid,2026-09-15T22:08:12Z,35,e95a8689ce70386d5cf7ac5383d0b2cd9f85b522754dbb489bb18202bd8e715f
75111fd05b78e8ff,documents,https://search.worldbank.org/api/v3/wds,format=json&rows=200&projectid=P500570&docty=Procurement+Plan&fl=id%2Cdocty%2Cdisplay_title%2Cdisclosure_date%2Ctxturl%2Cpdfurl%2Clang%2Cprojectid,2026-09-15T22:08:22Z,10,017177c8a53feed72219c9be1125c6e3b867a858ec3ec8647a585b25126b6e66
757ce0b93eb351c2,documents,https://search.worldbank.org/api/v3/wds,format=json&rows=200&projectid=P161086&docty=Procurement+Plan&fl=id%2Cdocty%2Cdisplay_title%2Cdisclosure_date%2Ctxturl%2Cpdfurl%2Clang%2Cprojectid,2026-09-15T22:07:52Z,30,52e30c7ccac48bee5be2c6d6cfe0305eb0c1519e0529636040f8972c2599d8bb
783f6861050d09b2,documents,https://search.worldbank.org/api/v3/wds,format=json&rows=200&projectid=P506791&docty=Procurement+Plan&fl=id%2Cdocty%2Cdisplay_title%2Cdisclosure_date%2Ctxturl%2Cpdfurl%2Clang%2Cprojectid,2026-09-15T22:08:26Z,0,462a19458fc5ad746a413b0c57f3c855ff0037cd4b1771bec445c23397a5d6de
7aad7818a2a7657a,notices,https://search.worldbank.org/api/v2/procnotices,format=json&rows=500&os=0&project_id=P176126,2026-09-15T22:04:49Z,98,18ff90025eb9a45e178ced391ab7db66c378b26fae96995841b4316a8b69cd95
7afc70b58b65aff6,awards,https://search.worldbank.org/api/contractdata,format=json&rows=500&os=0&projectid=P174620,2026-09-15T22:05:53Z,98,ba86c1514a6bd11a719b1c08bfc3a1da966d70c614e29f5ba3415cdd308ca3f2
7c07af7282413022,awards,https://search.worldbank.org/api/contractdata,format=json&rows=500&os=0&projectid=P176181,2026-09-15T22:05:55Z,126,b967febc6f4c3fa26b2433318df09301d3d66ae336f1f081e3d6d8895e1a944e
7e6fd7b7abfe1df3,awards,https://search.worldbank.org/api/contractdata,format=json&rows=500&os=0&projectid=P162599,2026-09-15T21:57:10Z,93,9e57c89d279b6fcb318ea2eec497de63472a131a6057171ad43cbcf80f4f91d8
80f15579044df519,documents,https://search.worldbank.org/api/v3/wds,format=json&rows=200&projectid=P511767&docty=Procurement+Plan&fl=id%2Cdocty%2Cdisplay_title%2Cdisclosure_date%2Ctxturl%2Cpdfurl%2Clang%2Cprojectid,2026-09-15T22:08:29Z,0,462a19458fc5ad746a413b0c57f3c855ff0037cd4b1771bec445c23397a5d6de
8218d9fdf22d6f81,awards,https://search.worldbank.org/api/contractdata,format=json&rows=500&os=0&projectid=P506791,2026-09-15T22:06:09Z,0,21fdc86d1384a15f9c683827dc684cacaaa8a916f4a41fbe7a7d5ccc24377f64
837e2b7216944d4b,notices,https://search.worldbank.org/api/v2/procnotices,format=json&rows=500&os=0&project_id=P181416,2026-09-15T22:05:29Z,0,1ba4e6add8215b8bd49dc2205ac80989e49ae307e8936f495d6c591633326d8b
853f12401a1c1997,awards,https://search.worldbank.org/api/contractdata,format=json&rows=500&os=0&projectid=P160766,2026-09-15T21:46:29Z,97,af1081ff61fa46a24e64464e80d630a889504e0ad0f23dafa67d105e28bdeeb7
858940fc80a24515,documents,https://search.worldbank.org/api/v3/wds,format=json&rows=200&projectid=P177158&docty=Procurement+Plan&fl=id%2Cdocty%2Cdisplay_title%2Cdisclosure_date%2Ctxturl%2Cpdfurl%2Clang%2Cprojectid,2026-09-15T22:08:14Z,29,40f3a62c943d21deb41102b15eddf18ec7a1812f3c0e8fd0476794619d46d745
85a15f33e34e7199,notices,https://search.worldbank.org/api/v2/procnotices,format=json&rows=500&os=0&project_id=P505094,2026-09-15T22:05:31Z,35,d96fb506fcbfcb5a4db6e033537caf3b119505ee201a5a5d615479e0d1f0b707
892dc15aea6b2ad5,notices,https://search.worldbank.org/api/v2/procnotices,format=json&rows=500&os=0&project_id=P176459,2026-09-15T22:04:52Z,176,ace209a5025e017f891cadf15c7d93821b6315799aab4f1a16fcc11811685b2c
8d635bc9ed1cef1a,documents,https://search.worldbank.org/api/v3/wds,format=json&rows=200&projectid=P174402&docty=Procurement+Plan&fl=id%2Cdocty%2Cdisplay_title%2Cdisclosure_date%2Ctxturl%2Cpdfurl%2Clang%2Cprojectid,2026-09-15T22:08:05Z,55,5b9d59606cde2d1ca96ccc7c80cecba682334e4bd381fee021ede04691cd0311
8e6cc45e6ab41f68,documents,https://search.worldbank.org/api/v3/wds,format=json&rows=200&projectid=P180059&docty=Procurement+Plan&fl=id%2Cdocty%2Cdisplay_title%2Cdisclosure_date%2Ctxturl%2Cpdfurl%2Clang%2Cprojectid,2026-09-15T22:08:18Z,31,4540b5a8fd22ed1c9753a23396aed02fc0e67f4a5378228b961054c018d498ae
910a9dbfed6c0c88,notices,https://search.worldbank.org/api/v2/procnotices,format=json&rows=500&os=0&project_id=P171791,2026-09-15T22:04:40Z,0,1ba4e6add8215b8bd49dc2205ac80989e49ae307e8936f495d6c591633326d8b
919a1bc6faed76b4,awards,https://search.worldbank.org/api/contractdata,format=json&rows=500&os=0&projectid=P506611,2026-09-15T22:06:09Z,25,4fc04a5dda59b3466b757f5f93d992b5d3fa2285e417e079e883127a1883f193
921e09b728ed5e92,awards,https://search.worldbank.org/api/contractdata,format=json&rows=500&os=0&projectid=P173240,2026-09-15T22:05:51Z,132,1e9c99cbce2c13860dbdb2d203ab0e913c715bf3e67e3a5edf859bca95914c04
94322b2f3be35a51,awards,https://search.worldbank.org/api/contractdata,format=json&rows=500&os=0&projectid=P176126,2026-09-15T22:05:55Z,49,e0f5af5c291b97f973acc9620cc775e0b065ca9e954a50171440dd79bfa5b703
950523b1cec8bf29,notices,https://search.worldbank.org/api/v2/procnotices,format=json&rows=500&os=0&project_id=P171976,2026-09-15T22:04:40Z,41,2a0518ce46f86abfde5602a8f1a5df1680e157ab54a27488e2b8b299a1a70ebc
95b6db9277fe6ad5,awards,https://search.worldbank.org/api/contractdata,format=json&rows=500&os=0&projectid=P175987,2026-09-15T22:05:54Z,36,5c7d0a4242d1a95824424e8295129a0ec819621696a4cfbdf88c209f9bd12dda
95e4016e28914a8a,documents,https://search.worldbank.org/api/v3/wds,format=json&rows=200&projectid=P170658&docty=Procurement+Plan&fl=id%2Cdocty%2Cdisplay_title%2Cdisclosure_date%2Ctxturl%2Cpdfurl%2Clang%2Cprojectid,2026-09-15T22:07:56Z,25,e82aba038c85586d6b768151c449658409c4a2dc23d409cc0168534304d5c0b2
97c55312be063811,documents,https://search.worldbank.org/api/v3/wds,format=json&rows=200&projectid=P172524&docty=Procurement+Plan&fl=id%2Cdocty%2Cdisplay_title%2Cdisclosure_date%2Ctxturl%2Cpdfurl%2Clang%2Cprojectid,2026-09-15T22:08:02Z,59,46820e48f2d6f0eb61dab57cfc7a7852778a656b7fc226ac34eaaacd463e2069
97cee5dd4bd0e60a,documents,https://search.worldbank.org/api/v3/wds,format=json&rows=200&projectid=P174620&docty=Procurement+Plan&fl=id%2Cdocty%2Cdisplay_title%2Cdisclosure_date%2Ctxturl%2Cpdfurl%2Clang%2Cprojectid,2026-09-15T22:08:05Z,51,516532b6268e4873d58cc7d1ebbea598a76ab3e4c5916ea8f09f52db1559a6bb
9a2bf35078f41e20,notices,https://search.worldbank.org/api/v2/procnotices,format=json&rows=500&os=0&project_id=P174402,2026-09-15T22:04:45Z,134,e272380c85f3b46155fd7660b9db2c7aa2d157ec721c3436377c538094a88a76
9a5b7d04e1936ca7,notices,https://search.worldbank.org/api/v2/procnotices,format=json&rows=500&os=0&project_id=P178609,2026-09-15T22:05:06Z,21,3f29594df4e2b6cba5fdbd724b54ed1655bd7deef24f15fafab096390106ddbc
9adc8096660b86a6,documents,https://search.worldbank.org/api/v3/wds,format=json&rows=200&projectid=P173240&docty=Procurement+Plan&fl=id%2Cdocty%2Cdisplay_title%2Cdisclosure_date%2Ctxturl%2Cpdfurl%2Clang%2Cprojectid,2026-09-15T22:08:03Z,45,43b278e07d1dc692ee1c9246b02d1d8b759ac4fe9beb12c42e0c4f9f9eaa7d0e
9b07e06b5dbc31ec,awards,https://search.worldbank.org/api/contractdata,format=json&rows=500&os=0&projectid=P181416,2026-09-15T22:06:06Z,0,21fdc86d1384a15f9c683827dc684cacaaa8a916f4a41fbe7a7d5ccc24377f64
9df0d4975c25de1e,notices,https://search.worldbank.org/api/v2/procnotices,format=json&rows=500&os=0&project_id=P180931,2026-09-15T22:05:28Z,68,c368d94c3d83aa29f71f631fc6fe48d5f9330856405be3640285ba861c58d119
9eec6be567f18170,documents,https://search.worldbank.org/api/v3/wds,format=json&rows=200&projectid=P176543&docty=Procurement+Plan&fl=id%2Cdocty%2Cdisplay_title%2Cdisclosure_date%2Ctxturl%2Cpdfurl%2Clang%2Cprojectid,2026-09-15T22:08:10Z,2,7803d0f736c16ad90a1126608eaec60cb9b70690e01463b8f0b392eff807ce7f
9f2257670414fcbe,notices,https://search.worldbank.org/api/v2/procnotices,format=json&rows=500&os=0&project_id=P171099,2026-09-15T22:04:37Z,112,7d03d50de53dba8f9cb1718c5110b6900ef23a082a972cd1206e247417cb6e1e
9fc192f02ae41394,notices,https://search.worldbank.org/api/v2/procnotices,format=json&rows=500&os=0&project_id=P508363,2026-09-15T22:05:41Z,0,1ba4e6add8215b8bd49dc2205ac80989e49ae307e8936f495d6c591633326d8b
a004774d5b1a044a,awards,https://search.worldbank.org/api/contractdata,format=json&rows=500&os=0&projectid=P180495,2026-09-15T22:06:04Z,22,7f4511ef7f3f39778eb9f5c2781bd3a68a15913b287bbb2ef1e8850f9add0903
a0f0a5b63a322aa2,awards,https://search.worldbank.org/api/contractdata,format=json&rows=500&os=0&projectid=P171976,2026-09-15T22:05:50Z,30,306adb2f289c08f25f2530acac2f8225549fe3b869d46dd8dcc16d654811285a
a10ab1124d1bc7ac,awards,https://search.worldbank.org/api/contractdata,format=json&rows=500&os=0&projectid=P511767,2026-09-15T22:06:11Z,0,21fdc86d1384a15f9c683827dc684cacaaa8a916f4a41fbe7a7d5ccc24377f64
a2baebd423902a39,awards,https://search.worldbank.org/api/contractdata,format=json&rows=500&os=0&projectid=P171791,2026-09-15T22:05:50Z,0,21fdc86d1384a15f9c683827dc684cacaaa8a916f4a41fbe7a7d5ccc24377f64
a2dc1bc9c7806d69,notices,https://search.worldbank.org/api/v2/procnotices,format=json&rows=500&os=0&project_id=P175592,2026-09-15T22:04:47Z,130,58f3a49117c759c569c37e3089a530c2cac58e3578491db256662794a39adfd0
a39da4e81057805d,awards,https://search.worldbank.org/api/contractdata,format=json&rows=500&os=0&projectid=P171305,2026-09-15T22:05:48Z,100,5a2113c89aec69c7a5751318507a7c8253925ee98f1445a167bd9391da3e3f7f
a47eb6c9783c9a28,documents,https://search.worldbank.org/api/v3/wds,format=json&rows=200&projectid=P180931&docty=Procurement+Plan&fl=id%2Cdocty%2Cdisplay_title%2Cdisclosure_date%2Ctxturl%2Cpdfurl%2Clang%2Cprojectid,2026-09-15T22:08:20Z,31,b6784434a6196096c57f9d1e4a1de082bd6d1c25914f8d3f826cb171996c166f
a53f75a11e597161,notices,https://search.worldbank.org/api/v2/procnotices,format=json&rows=500&os=0&project_id=P180495,2026-09-15T22:05:26Z,46,ce2345c09c0330e1f4e6ab21f0091ea7e32321604e392261ae673dde88335dbb
a57c3325ab0224df,notices,https://search.worldbank.org/api/v2/procnotices,format=json&rows=500&os=0&project_id=P511767,2026-09-15T22:05:43Z,0,1ba4e6add8215b8bd49dc2205ac80989e49ae307e8936f495d6c591633326d8b
a58e09bc04f57ea5,documents,https://search.worldbank.org/api/v3/wds,format=json&rows=200&projectid=P171791&docty=Procurement+Plan&fl=id%2Cdocty%2Cdisplay_title%2Cdisclosure_date%2Ctxturl%2Cpdfurl%2Clang%2Cprojectid,2026-09-15T22:08:00Z,0,462a19458fc5ad746a413b0c57f3c855ff0037cd4b1771bec445c23397a5d6de
a7cc8d347d503ff5,notices,https://search.worldbank.org/api/v2/procnotices,format=json&rows=500&os=0&project_id=P179108,2026-09-15T22:05:07Z,43,c48e1e557ee245bac6ed919adca26939109693e4f933d98bd229e5ed6e196261
a7dcc98207218a30,notices,https://search.worldbank.org/api/v2/procnotices,format=json&rows=500&os=0&project_id=P176631,2026-09-15T22:04:53Z,64,563cb127b27b3c01f60c930afc13cdb55e1a4351c1b8ff4eb84edeefa5345c71
a892eb1eb3b6b6cf,notices,https://search.worldbank.org/api/v2/procnotices,format=json&rows=500&os=0&project_id=P177077,2026-09-15T22:05:04Z,83,b04c9a0df741cf271da0e4b9848c9c8829a57b82e8e61edb70ff4077fc1f75ee
a8ab24367854ab62,notices,https://search.worldbank.org/api/v2/procnotices,format=json&rows=500&os=0&project_id=P175987,2026-09-15T22:04:48Z,36,a2bbbd98baef7d74670f40f3c87b1625afcaa12085be80f1e80e5a31f7a3348e
a8b52763bbdaea74,awards,https://search.worldbank.org/api/contractdata,format=json&rows=500&os=0&projectid=P171528,2026-09-15T22:05:49Z,152,d113c358492e48070967c281ee55c78e31a992f5c01db7995722118810714275
a8e1182207158eee,awards,https://search.worldbank.org/api/contractdata,format=json&rows=500&os=0&projectid=P175592,2026-09-15T22:05:53Z,79,ff798ce53b34e42413605f80a1c434fd47d324771b3344580faa4e926b096d81
a9330106e2aa52cf,awards,https://search.worldbank.org/api/contractdata,format=json&rows=500&os=0&projectid=P176932,2026-09-15T22:05:58Z,240,b97b4c305adceaa4e813c4871e0bc3c473b04f9f30ef64f321a31d2252214551
ab6ebbdef8d718bd,awards,https://search.worldbank.org/api/contractdata,format=json&rows=500&os=0&projectid=P176459,2026-09-15T22:05:57Z,80,27cc929f0c33d9bd08225a4b1b58e8078d74691083ff07a9d3f4d0e736556583
aed5e0c36938c56f,awards,https://search.worldbank.org/api/contractdata,format=json&rows=500&os=0&projectid=P177478,2026-09-15T22:06:00Z,38,3a0821d8cc1a4a1c821450d2f05d5531b097444be4c8f425611b7dbc6b0f56a1
af1262baa8c957f1,notices,https://search.worldbank.org/api/v2/procnotices,format=json&rows=500&os=0&project_id=P169698,2026-09-15T22:04:32Z,105,288eff48ae9dbc8b34d683ae90b662204adc51a155e356e6328c43ba5e7d3f8f
b053e23d64ceaf9b,awards,https://search.worldbank.org/api/contractdata,format=json&rows=500&os=0&projectid=P179108,2026-09-15T22:06:02Z,17,3aa1f495ed058e826784ca665999d9f02b25cbb5d4756badce64c66ff1a64c2e
b489bcd115fc8fc3,documents,https://search.worldbank.org/api/v3/wds,format=json&rows=200&projectid=P506611&docty=Procurement+Plan&fl=id%2Cdocty%2Cdisplay_title%2Cdisclosure_date%2Ctxturl%2Cpdfurl%2Clang%2Cprojectid,2026-09-15T22:08:26Z,30,3f8462918ecc0ff1bb1259ed18b8b36088c721a56b716b4f27dcb634b9f52e40
b6cf305d9c791334,notices,https://search.worldbank.org/api/v2/procnotices,format=json&rows=500&os=0&project_id=P508317,2026-09-15T22:05:41Z,1,9537b56b3c6f54fbfd0130debef33d5edc959554210ae1fc7682a6f3c3625f36
b7f531584f5b9b96,awards,https://search.worldbank.org/api/contractdata,format=json&rows=500&os=0&projectid=P176317,2026-09-15T22:05:56Z,0,21fdc86d1384a15f9c683827dc684cacaaa8a916f4a41fbe7a7d5ccc24377f64
b8a2170dbaa75a40,notices,https://search.worldbank.org/api/v2/procnotices,format=json&rows=500&os=0&project_id=P176932,2026-09-15T22:04:55Z,437,81966a2fbc350fda6778480aa04c5a9919be2eafbe41500580feecdae89a2254
ba18f04dea85ce20,awards,https://search.worldbank.org/api/contractdata,format=json&rows=500&os=0&projectid=P505094,2026-09-15T22:06:08Z,19,542cc2feea75039c340612eb9ecaddbe697ad3b5de1a234936ac1a81c6caf876
bbfe8c555cfb1d49,documents,https://search.worldbank.org/api/v3/wds,format=json&rows=200&projectid=P170910&docty=Procurement+Plan&fl=id%2Cdocty%2Cdisplay_title%2Cdisclosure_date%2Ctxturl%2Cpdfurl%2Clang%2Cprojectid,2026-09-15T22:07:57Z,0,462a19458fc5ad746a413b0c57f3c855ff0037cd4b1771bec445c23397a5d6de
bc7687b8cbccbea7,notices,https://search.worldbank.org/api/v2/procnotices,format=json&rows=500&os=0&project_id=P169945,2026-09-15T22:04:33Z,0,1ba4e6add8215b8bd49dc2205ac80989e49ae307e8936f495d6c591633326d8b
bcd348c9f19a5d4b,awards,https://search.worldbank.org/api/contractdata,format=json&rows=500&os=0&projectid=P508317,2026-09-15T22:06:10Z,0,21fdc86d1384a15f9c683827dc684cacaaa8a916f4a41fbe7a7d5ccc24377f64
be0aacc382ceb6a7,documents,https://search.worldbank.org/api/v3/wds,format=json&rows=200&projectid=P176181&docty=Procurement+Plan&fl=id%2Cdocty%2Cdisplay_title%2Cdisclosure_date%2Ctxturl%2Cpdfurl%2Clang%2Cprojectid,2026-09-15T22:08:08Z,114,1e28eb37125ee43084e0dce4c559e1a9f03697fddd8b031ba708d92edc4a68cd
beb19062fc882239,notices,https://search.worldbank.org/api/v2/procnotices,format=json&rows=500&os=0&project_id=P173240,2026-09-15T22:04:43Z,216,fe69a6e883fed2eeab59b19ea526b141ffe06cf24c6772bf21bf0ba6371e0255
bee3476ac9d34a14,documents,https://search.worldbank.org/api/v3/wds,format=json&rows=200&projectid=P177077&docty=Procurement+Plan&fl=id%2Cdocty%2Cdisplay_title%2Cdisclosure_date%2Ctxturl%2Cpdfurl%2Clang%2Cprojectid,2026-09-15T22:08:14Z,34,1d1fb51d6a93e57c15590f10c24fbbdedf558c491291c0a9ffb43ecf1142a2af
bf5035fed921d8d8,awards,https://search.worldbank.org/api/contractdata,format=json&rows=500&os=0&projectid=P176108,2026-09-15T22:05:54Z,23,bb0cb1ce4f750382753fd8d0305b618236cea194e1a7b68961613cd8c862fbcc
c0eb0b416920ede7,awards,https://search.worldbank.org/api/contractdata,format=json&rows=500&os=0&projectid=P179040,2026-09-15T22:06:01Z,41,03fc3018b2708791c7ac6bc9b67e127f7d32985c79126ff435434cee2d76d3aa
c12fd484ab72829a,awards,https://search.worldbank.org/api/contractdata,format=json&rows=500&os=0&projectid=P175218,2026-09-15T22:05:53Z,48,2c33519186de47c70081d60f9a7884c5caccc8ac5ed4111de67e99fd0229aa28
c25b091f31c3376f,documents,https://search.worldbank.org/api/v3/wds,format=json&rows=200&projectid=P508948&docty=Procurement+Plan&fl=id%2Cdocty%2Cdisplay_title%2Cdisclosure_date%2Ctxturl%2Cpdfurl%2Clang%2Cprojectid,2026-09-15T22:08:28Z,2,cb9d65389990380b4eb0b26f1a0904545d2fbd169efc0f8e1d05141d3c97fe27
c2911583c31ad40a,documents,https://search.worldbank.org/api/v3/wds,format=json&rows=200&projectid=P170941&docty=Procurement+Plan&fl=id%2Cdocty%2Cdisplay_title%2Cdisclosure_date%2Ctxturl%2Cpdfurl%2Clang%2Cprojectid,2026-09-15T22:07:57Z,49,fda4e3603ed3843a82b0732e047aa23210a3ed884a11815b7272c1e27f180fa3
c353f29143423b1a,notices,https://search.worldbank.org/api/v2/procnotices,format=json&rows=500&os=0&project_id=P170941,2026-09-15T22:04:35Z,109,fe32183fc9005590a41ee4066a3d8bbbe3f736262bd5c776f58e4ddec85bbc87
c3f54e8b29e0a163,awards,https://search.worldbank.org/api/contractdata,format=json&rows=500&os=0&projectid=P170941,2026-09-15T22:05:47Z,57,57100f88efdcd7f81d4589d9476aa4d8734b3a971d2cdf7a6b6938cf6dcf52b2
c40f640bce791411,notices,https://search.worldbank.org/api/v2/procnotices,format=json&rows=500&os=0&project_id=P176181,2026-09-15T22:04:50Z,248,76969cefa4755620be36515560a0ec594f07c07de8166a6bb54eda8747a8b784
c8973e1d8660855a,awards,https://search.worldbank.org/api/contractdata,format=json&rows=500&os=0&projectid=P508383,2026-09-15T22:06:10Z,13,5f2b08796633d3d018b1d1cc3577893791b8c42038753b62d6495e80320253d1
cac1409753b3eaff,documents,https://search.worldbank.org/api/v3/wds,format=json&rows=200&projectid=P180987&docty=Procurement+Plan&fl=id%2Cdocty%2Cdisplay_title%2Cdisclosure_date%2Ctxturl%2Cpdfurl%2Clang%2Cprojectid,2026-09-15T22:08:20Z,0,462a19458fc5ad746a413b0c57f3c855ff0037cd4b1771bec445c23397a5d6de
ccef9f3a89698625,documents,https://search.worldbank.org/api/v3/wds,format=json&rows=200&projectid=P176733&docty=Procurement+Plan&fl=id%2Cdocty%2Cdisplay_title%2Cdisclosure_date%2Ctxturl%2Cpdfurl%2Clang%2Cprojectid,2026-09-15T22:08:11Z,5,45cd9a6b8c80ac6bce14f4f7b9de084e37970acd93e57f08fc3fd9aea05787b7
ce6011a353d74b3b,awards,https://search.worldbank.org/api/contractdata,format=json&rows=500&os=0&projectid=P167543,2026-09-15T22:05:44Z,128,2643f163e3d1902f41476673f824b240ae49b213d7a8983b91f593d30ae82c24
ce65ae69c4548e48,awards,https://search.worldbank.org/api/contractdata,format=json&rows=500&os=0&projectid=P172350,2026-09-15T22:05:51Z,72,b591d19fa2e8bee06de2941bc46a32cac890abbf67685868e54600e09ec8cfda
ce800b1fd676bd79,awards,https://search.worldbank.org/api/contractdata,format=json&rows=500&os=0&projectid=P180987,2026-09-15T22:06:06Z,0,21fdc86d1384a15f9c683827dc684cacaaa8a916f4a41fbe7a7d5ccc24377f64
ceef3c56aa9b13c5,documents,https://search.worldbank.org/api/v3/wds,format=json&rows=200&projectid=P508317&docty=Procurement+Plan&fl=id%2Cdocty%2Cdisplay_title%2Cdisclosure_date%2Ctxturl%2Cpdfurl%2Clang%2Cprojectid,2026-09-15T22:08:27Z,0,462a19458fc5ad746a413b0c57f3c855ff0037cd4b1771bec445c23397a5d6de
cf605e2695ede6f4,documents,https://search.worldbank.org/api/v3/wds,format=json&rows=200&projectid=P176932&docty=Procurement+Plan&fl=id%2Cdocty%2Cdisplay_title%2Cdisclosure_date%2Ctxturl%2Cpdfurl%2Clang%2Cprojectid,2026-09-15T22:08:12Z,198,39caa0cfd9e9f58025db4688ca7b0f082e15feed5a3b5429be9006e6b5528288
cffb989cf7e48bd6,notices,https://search.worldbank.org/api/v2/procnotices,format=json&rows=500&os=0&project_id=P176317,2026-09-15T22:04:50Z,25,b2add519c4c90229351a77c549aa8c135ac0fa517be9d5e6c05c0935f0722815
d22b0266bb83ae05,notices,https://search.worldbank.org/api/v2/procnotices,format=json&rows=500&os=0&project_id=P180059,2026-09-15T22:05:25Z,66,066f73cc5382a766b534f54ff0f78ef18007228b2a15ef985b87dce5bcc5160b
d3464c7ad0d62472,notices,https://search.worldbank.org/api/v2/procnotices,format=json&rows=500&os=0&project_id=P172524,2026-09-15T22:04:42Z,77,cd3865c9ed432b423b477bc7127239e1e42ca407e0b8dc4dda8277041b067d4f
d3affed91be8204a,documents,https://search.worldbank.org/api/v3/wds,format=json&rows=200&projectid=P162599&docty=Procurement+Plan&fl=id%2Cdocty%2Cdisplay_title%2Cdisclosure_date%2Ctxturl%2Cpdfurl%2Clang%2Cprojectid,2026-09-15T22:07:52Z,48,a1b70a7a1e19827666edfaf16da503899388e8e2a863d7b451c77996e155f78b
d407cca1c1744413,awards,https://search.worldbank.org/api/contractdata,format=json&rows=500&os=0&projectid=P508948,2026-09-15T22:06:11Z,0,21fdc86d1384a15f9c683827dc684cacaaa8a916f4a41fbe7a7d5ccc24377f64
d5ea38c997e14b13,documents,https://search.worldbank.org/api/v3/wds,format=json&rows=200&projectid=P508383&docty=Procurement+Plan&fl=id%2Cdocty%2Cdisplay_title%2Cdisclosure_date%2Ctxturl%2Cpdfurl%2Clang%2Cprojectid,2026-09-15T22:08:28Z,15,610e5a1cb3c13f6e95dba6353ee3228cdcd0e70e7af700c17e68ded0dee1f205
d61989bf1740c39d,awards,https://search.worldbank.org/api/contractdata,format=json&rows=500&os=0&projectid=P178609,2026-09-15T22:06:01Z,12,af35d5fab5dbd918b820943f3b8f7c292391d168a3edb9434e615bbede19a7da
d718495b0909804a,notices,https://search.worldbank.org/api/v2/procnotices,format=json&rows=500&os=0&project_id=P173373,2026-09-15T22:04:44Z,126,5e9575d971ee6ec41ee7557d74f19ca2809444076fef256c04d2bae85624772e
dc339562550317d4,notices,https://search.worldbank.org/api/v2/procnotices,format=json&rows=500&os=0&project_id=P506611,2026-09-15T22:05:33Z,53,e920aafd4e5217792d2361e02a34099d81d778889e5c4313bb17f7675c1d1e82
dc3dd5d8629b754c,documents,https://search.worldbank.org/api/v3/wds,format=json&rows=200&projectid=P167543&docty=Procurement+Plan&fl=id%2Cdocty%2Cdisplay_title%2Cdisclosure_date%2Ctxturl%2Cpdfurl%2Clang%2Cprojectid,2026-09-15T22:07:54Z,93,6a43c856ec573f17f6c0dd66fb9949a54588d4ad1cdaeaf971e19616a7a2db04
df06c11b6ee747ef,documents,https://search.worldbank.org/api/v3/wds,format=json&rows=200&projectid=P502532&docty=Procurement+Plan&fl=id%2Cdocty%2Cdisplay_title%2Cdisclosure_date%2Ctxturl%2Cpdfurl%2Clang%2Cprojectid,2026-09-15T22:08:24Z,10,3c131dd67a06ebdebc28958b7cce4dc9a53235542f3804156b1535962b295388
e0d1a7af6984b5b8,awards,https://search.worldbank.org/api/contractdata,format=json&rows=500&os=0&projectid=P500570,2026-09-15T22:06:07Z,0,21fdc86d1384a15f9c683827dc684cacaaa8a916f4a41fbe7a7d5ccc24377f64
e3d52352b8d9c1ff,awards,https://search.worldbank.org/api/contractdata,format=json&rows=500&os=0&projectid=P176631,2026-09-15T22:05:57Z,45,18fe4ad29ed2c5cee7c3081ff2fa52363d1332325d0c8dd60c4d43ea4aada019
e43951a8d96f7f0d,awards,https://search.worldbank.org/api/contractdata,format=json&rows=500&os=0&projectid=P505095,2026-09-15T22:06:08Z,95,b1a35c4f33c7ef48a99aaa93cda969856549e61d7ca2cab2365f2e046ae3fdac
e43cc7a76cb089bb,documents,https://search.worldbank.org/api/v3/wds,format=json&rows=200&projectid=P171305&docty=Procurement+Plan&fl=id%2Cdocty%2Cdisplay_title%2Cdisclosure_date%2Ctxturl%2Cpdfurl%2Clang%2Cprojectid,2026-09-15T22:07:58Z,45,bc15b5b5f11b69c872a9c0cc331ef3cce678b27347315a335a1a527f9f7e56bd
e939cb6439255d00,documents,https://search.worldbank.org/api/v3/wds,format=json&rows=200&projectid=P175592&docty=Procurement+Plan&fl=id%2Cdocty%2Cdisplay_title%2Cdisclosure_date%2Ctxturl%2Cpdfurl%2Clang%2Cprojectid,2026-09-15T22:08:06Z,37,80345e24daf32ffeb80cff78e7d69bdc399d05a97d3a854862936c58e1a9340d
ea8293756dcbe599,documents,https://search.worldbank.org/api/v3/wds,format=json&rows=200&projectid=P180807&docty=Procurement+Plan&fl=id%2Cdocty%2Cdisplay_title%2Cdisclosure_date%2Ctxturl%2Cpdfurl%2Clang%2Cprojectid,2026-09-15T22:08:20Z,10,9be71a60dee07b48eba9ed9f8d02291413f0d2de66b3e976cbdd8fca05c18e03
ed5fc5da09cf7df4,awards,https://search.worldbank.org/api/contractdata,format=json&rows=500&os=0&projectid=P171034,2026-09-15T22:05:48Z,120,46344720c8159d29195eac62fe35895617a6ab2a7e9c22fdfa7cb97ed95111e2
ee7a4ea849bcf604,documents,https://search.worldbank.org/api/v3/wds,format=json&rows=200&projectid=P181324&docty=Procurement+Plan&fl=id%2Cdocty%2Cdisplay_title%2Cdisclosure_date%2Ctxturl%2Cpdfurl%2Clang%2Cprojectid,2026-09-15T22:08:21Z,6,c468d9789749b8a1025df0f9d9e322963a268b5914894bfa1aa55556869cc324
eeae4688ef3c4ba9,awards,https://search.worldbank.org/api/contractdata,format=json&rows=500&os=0&projectid=P169945,2026-09-15T22:05:45Z,0,21fdc86d1384a15f9c683827dc684cacaaa8a916f4a41fbe7a7d5ccc24377f64
eff7942a6a51c456,documents,https://search.worldbank.org/api/v3/wds,format=json&rows=200&projectid=P171976&docty=Procurement+Plan&fl=id%2Cdocty%2Cdisplay_title%2Cdisclosure_date%2Ctxturl%2Cpdfurl%2Clang%2Cprojectid,2026-09-15T22:08:00Z,26,42307b503a87073c97ebb41c18e8d0bcb481ac8cb05af502ba00b66ef91c725e
f12b7efe52f15b56,documents,https://search.worldbank.org/api/v3/wds,format=json&rows=200&projectid=P175218&docty=Procurement+Plan&fl=id%2Cdocty%2Cdisplay_title%2Cdisclosure_date%2Ctxturl%2Cpdfurl%2Clang%2Cprojectid,2026-09-15T22:08:05Z,51,b50af3e7a96d930e42530853b91abe7eca0d2641681def08b4938dae6db9665c
f261d38282d75da9,documents,https://search.worldbank.org/api/v3/wds,format=json&rows=200&projectid=P176459&docty=Procurement+Plan&fl=id%2Cdocty%2Cdisplay_title%2Cdisclosure_date%2Ctxturl%2Cpdfurl%2Clang%2Cprojectid,2026-09-15T22:08:10Z,48,aa36437ebbc210285616256ae7fc5a96788707063b123ae4e067059afe260e41
f3d62b23c7f5a1f9,documents,https://search.worldbank.org/api/v3/wds,format=json&rows=200&projectid=P171517&docty=Procurement+Plan&fl=id%2Cdocty%2Cdisplay_title%2Cdisclosure_date%2Ctxturl%2Cpdfurl%2Clang%2Cprojectid,2026-09-15T22:07:59Z,38,6d8bf3a36947b905494df1b4e6897cf70240a25553165744c5ac0f1c0217d447
f51ae04ea267605f,notices,https://search.worldbank.org/api/v2/procnotices,format=json&rows=500&os=0&project_id=P180987,2026-09-15T22:05:28Z,0,1ba4e6add8215b8bd49dc2205ac80989e49ae307e8936f495d6c591633326d8b
f56951381b2fc1a7,documents,https://search.worldbank.org/api/v3/wds,format=json&rows=200&projectid=P508363&docty=Procurement+Plan&fl=id%2Cdocty%2Cdisplay_title%2Cdisclosure_date%2Ctxturl%2Cpdfurl%2Clang%2Cprojectid,2026-09-15T22:08:28Z,0,462a19458fc5ad746a413b0c57f3c855ff0037cd4b1771bec445c23397a5d6de
f7b0bcf4e556d654,notices,https://search.worldbank.org/api/v2/procnotices,format=json&rows=500&os=0&project_id=P162599,2026-09-15T21:57:07Z,120,96b6f58de970e12933842ba9bc0b1f186c703db095b215d49dc588bc29586287
fa52fda6297132de,awards,https://search.worldbank.org/api/contractdata,format=json&rows=500&os=0&projectid=P171517,2026-09-15T22:05:49Z,34,2acc7b42be8410b60958edacea4e5ab8c44362b35723ab3826347cf3198533ee
fbfc66991fba3614,awards,https://search.worldbank.org/api/contractdata,format=json&rows=500&os=0&projectid=P176733,2026-09-15T22:05:58Z,1,39f672b1f338a29e91ae6b56d014a4fd993cd57999a4401c734aebaa15b518ff
ff8dd92f3f2e2753,notices,https://search.worldbank.org/api/v2/procnotices,format=json&rows=500&os=0&project_id=P170658,2026-09-15T22:04:33Z,40,13ca78f5f711f9aa1a1b404288ede5948b3b5bc1b40d5967954aafb80e0fc870
ffb7face18acd123,notices,https://search.worldbank.org/api/v2/procnotices,format=json&rows=500&os=0&project_id=P170718,2026-09-15T22:04:34Z,175,2929a2a5fb1cba7831ffb9485c71c0141a17d4bec34c4b632ef5762a5a704983
