reference_measure_id,measure_name,definition,direction,version
REF001,Ensure cybersecurity of digital payment platforms and mobile money rails,"Protect payment switches, mobile money platforms, and interbank systems from cyber threats that could disrupt access to funds during crises. Includes penetration testing, security operations centers, incident response protocols.",resilience_of_asset,v1
REF002,Build redundancy in payment processing infrastructure with backup and failover systems,"Backup payment processing centers, mirror databases, and automatic failover so G2P transfers and mobile money continue if primary systems fail.",resilience_of_asset,v1
REF003,Strengthen mobile money agent network resilience for cash-out during disruptions,"Agent networks continue operating when infrastructure is degraded - agent liquidity management, portable POS with offline capability, geographic diversification.",resilience_of_asset,v1
REF004,Protect digital land registries and property records from data loss,"Digitized land titles, cadastral records and property databases backed up and recoverable after disasters.",resilience_of_asset,v1
REF005,Deploy shock-responsive G2P digital payment systems linked to national ID and social registries,Rapid cash transfers to affected populations using pre-registered beneficiary databases and digital payment channels.,digital_for_resilience,v1
REF006,"Enable digital credit, savings, and microinsurance products to build household liquidity buffers",Accessible digital financial products helping households and small firms accumulate savings and access credit before shocks.,digital_for_resilience,v1
REF007,Scale mobile money for post-disaster person-to-person remittances,Leverage existing mobile money networks for informal transfers between households during and after crises.,digital_for_resilience,v1
REF008,Digitize land registries and property records to protect asset ownership through crises,Convert paper land titles and cadastral records to digital systems enabling verification of property rights after disasters.,digital_for_resilience,v1
REF009,Establish data protection and consent protocols for beneficiary registries used in emergency disbursements,Safeguards for personal and financial data collected through social registries.,resilience_of_asset,v1
REF010,Design interoperability and portability standards for digital financial services,Prevent beneficiary lock-in to single payment providers.,resilience_of_asset,v1
REF011,Address algorithmic fairness and gender exclusion risks in social protection targeting systems,Audit frameworks ensuring digital targeting systems do not systematically exclude vulnerable populations.,resilience_of_asset,v1
REF012,Establish financial consumer protection frameworks for digital lending during crises,Safeguards against predatory digital lending practices that surge during economic shocks.,digital_for_resilience,v1
REF013,Build redundant communication networks with satellite backup and diverse routing for early warning dissemination,"Warning messages reach populations even if primary telecom is damaged. Satellite backhaul, mesh networks, multi-path fiber routing.",resilience_of_asset,v1
REF014,"Harden weather monitoring sensors, IoT devices, and satellite ground stations against physical hazards","Protect weather stations, river gauges, seismic sensors, satellite ground stations. Flood-proofing, battery backup, vandalism-hardened housings.",resilience_of_asset,v1
REF015,Deploy satellite-based telemetry as backup for hydromet observation networks,Supplement GSM-dependent data transmission from remote weather stations with satellite telemetry.,resilience_of_asset,v1
REF016,"Deploy multi-channel early warning dissemination combining cell broadcast, SMS, apps, and radio",Reach populations through multiple channels to maximize coverage and redundancy.,digital_for_resilience,v1
REF017,Build agromet advisory platforms delivering weather-indexed farming guidance via digital channels,Combine weather forecasts with agricultural knowledge to deliver crop-specific advisories.,digital_for_resilience,v1
REF018,Implement real-time environmental monitoring using earth observation and ground sensor networks,"Satellite imagery, drone data, ground sensors for continuous monitoring.",digital_for_resilience,v1
REF019,Build decision support systems for anticipatory action integrating multiple data sources,"Platforms combining exposure databases, sensor networks, forecasts and hazard models for proactive decision-making.",digital_for_resilience,v1
REF020,Deploy flood forecasting models using hydrological and meteorological data,Operationalize numerical weather prediction and hydrological models converting observation data into flood forecasts.,digital_for_resilience,v1
REF021,Deploy crowdsourced disaster reporting and social media monitoring for situational awareness,Citizen reports and community-based sensors supplementing formal monitoring.,digital_for_resilience,v1
REF022,Establish verified official communication protocols to counter misinformation during crises,Institutional frameworks for official messaging and content verification during emergencies.,digital_for_resilience,v1
REF023,Adopt Common Alerting Protocol (CAP) for standardized multi-channel warnings,"International CAP standard ensuring alerts are machine-readable across SMS, cell broadcast, TV and radio.",resilience_of_asset,v1
REF024,Create open data standards and sharing agreements for hazard and exposure data across agencies,"Interoperability of hazard, vulnerability and exposure datasets across agencies.",digital_for_resilience,v1
REF025,Implement sovereign parametric insurance using satellite and sensor triggers for rapid payouts,Sovereign risk pools with automatic payouts triggered by measurable parameters.,digital_for_resilience,v1
REF026,Deploy index-based agricultural insurance using earth observation data for farmer-level payouts,"Payouts triggered by satellite-observed rainfall, vegetation indices or temperature thresholds.",digital_for_resilience,v1
REF027,Design Cat DDO trigger mechanisms linked to digital connectivity and data infrastructure,Connect data infrastructure to Catastrophe Deferred Drawdown Option trigger design.,digital_for_resilience,v1
REF028,Deploy rapid post-disaster damage and loss assessment using earth observation and remote sensing,"Satellite imagery, drone surveys and crowdsourced data to accelerate damage assessment for insurance claims and relief allocation.",digital_for_resilience,v1
REF029,Deploy rapid post-disaster damage and loss assessment using earth observation and remote sensing (infrastructure),"Same capabilities used for infrastructure damage mapping - roads, bridges, power lines, telecom - enabling faster repair prioritization.",digital_for_resilience,v1
REF030,Design oversight and transparency frameworks for parametric trigger calibration and basis risk,Ensure trigger thresholds do not systematically exclude vulnerable populations.,digital_for_resilience,v1
REF031,Develop governance frameworks for disputed satellite data and trigger verification post-disaster,Independent arbitration when parametric trigger outcomes are contested.,digital_for_resilience,v1
REF032,Harden telecom towers and base stations against physical hazards,"Reinforce towers for wind and seismic resistance, elevate equipment above flood lines, deploy hardened shelters.",resilience_of_asset,v1
REF033,Build submarine cable redundancy through diverse routing,Second and third submarine cable connections with geographically diverse routes.,resilience_of_asset,v1
REF034,Design ring and mesh fiber topology for national network resilience,Configure national fiber in ring or mesh topologies rather than linear spans so a break does not isolate downstream users.,resilience_of_asset,v1
REF035,Establish emergency power backup for critical digital infrastructure,"Battery banks, diesel and solar generators, hybrid renewable backup for cell towers, data centers and IXPs.",resilience_of_asset,v1
REF036,Upgrade and harden government data centers for disaster resilience,"Climate-resilient design - raised floors, flood barriers, redundant cooling, backup power, geographic separation.",resilience_of_asset,v1
REF037,Deploy climate-resilient fiber-to-the-premises in hazard-prone areas,"Last-mile fiber designed for local hazard exposure - aerial vs underground by flood and wind risk, armored cable in landslide zones.",resilience_of_asset,v1
REF038,Diversify equipment vendor dependencies for telecom supply chain resilience,Reduce reliance on single equipment suppliers.,resilience_of_asset,v1
REF039,Use digital twins and simulation models for infrastructure stress testing,Virtual replicas of critical infrastructure to model failure scenarios and prioritize reinforcement.,resilience_of_asset,v1
REF040,Implement GIS-based infrastructure mapping for resilience planning and asset management,Digital maps of critical networks overlaid with hazard exposure to identify vulnerabilities.,resilience_of_asset,v1
REF041,Monitor climate vulnerability of digital infrastructure using geospatial and climate projection data,Assess current and projected climate risks to telecom and digital infrastructure.,resilience_of_asset,v1
REF042,Deploy smart grid and digital energy management systems for resilient power supply,Digital monitoring and automated control for electricity grids to maintain power supply to critical digital infrastructure.,resilience_of_asset,v1
REF043,Establish infrastructure sharing and emergency roaming policies between telecom operators,"Regulatory frameworks requiring operators to share towers, fiber and spectrum during emergencies.",resilience_of_asset,v1
REF044,Develop national emergency telecommunications plans and spectrum sharing mandates,"National plans governing telecom during emergencies - priority routing, temporary spectrum allocation, emergency roaming.",resilience_of_asset,v1
REF045,Incorporate resilience standards and climate screening in telecom infrastructure procurement,Embed resilience requirements in bidding documents and PPP contracts.,resilience_of_asset,v1
REF046,Develop national fiber pooling and open access policies for resilient connectivity,Shared use of fiber including OPGW on power lines through regulatory frameworks.,resilience_of_asset,v1
REF047,Establish national cybersecurity frameworks and CERTs for critical digital infrastructure,Computer Emergency Response Teams and cybersecurity standards for critical infrastructure operators.,resilience_of_asset,v1
REF048,Ensure emergency coordination platforms have offline capability and backup power,Crisis coordination platforms must function when connectivity and power are degraded.,resilience_of_asset,v1
REF049,Build resilient ICT and redundant communications for emergency operations centers,"Redundant communication links, backup power and hardened facilities for EOCs.",resilience_of_asset,v1
REF050,Pre-position satellite communications for government use during terrestrial network failure,Satellite equipment and service agreements for activation when terrestrial telecom is destroyed.,resilience_of_asset,v1
REF051,Establish disaster recovery sites and government cloud resilience for continuity of digital services,Geographically separated backup data centers and cloud so government digital services survive localized disasters.,resilience_of_asset,v1
REF052,Ensure health facility ICT systems have backup power and connectivity for continuity,"Hospitals and clinics with backup power, satellite or mesh connectivity, and local data caching.",resilience_of_asset,v1
REF053,Build digital coordination platforms for multi-agency emergency response and aid logistics,"Needs assessment, resource tracking and response coordination on shared platforms.",digital_for_resilience,v1
REF054,Deploy telemedicine and digital health platforms for continued healthcare access during crises,Remote consultations and health data continuity when facilities are damaged.,digital_for_resilience,v1
REF055,"Deploy precision agriculture tools combining sensors, GPS, and analytics for climate-resilient farming","GPS mapping, remote sensors, drones and analytics to optimize water, fertilizer and seed inputs.",digital_for_resilience,v1
REF056,Deploy digital agriculture extension services for advisory and market access,"Mobile platforms delivering market prices, weather-indexed planting advice and pest alerts.",digital_for_resilience,v1
REF057,"Implement AI and satellite-based measurement, reporting, and verification for climate commitments",Satellite analysis to independently verify emission reductions or land use change.,digital_for_resilience,v1
REF058,Deploy digital platforms for emergency cash mobilization via mobile money,Rapid emergency cash distribution through existing mobile money during and after crises.,digital_for_resilience,v1
REF059,Deploy digital education continuity platforms for remote learning during crises,Online and offline-capable learning platforms so education continues when schools are closed.,digital_for_resilience,v1
REF060,Optimize humanitarian supply chain and last-mile aid delivery using digital logistics platforms,"Tracking aid shipments, warehouse management, fleet routing and delivery verification.",digital_for_resilience,v1
REF061,Design digital inclusion safeguards ensuring crisis response reaches populations without connectivity or devices,Alternative non-digital channels for all digitally-delivered crisis services.,resilience_of_asset,v1
REF062,Establish digital accessibility standards for persons with disabilities in crisis services,"Accessibility standards ensuring emergency apps, warning systems and registration platforms are usable.",resilience_of_asset,v1
REF063,Establish data protection standards for emergency beneficiary targeting and cross-agency data sharing,Rules governing personal data collected during emergencies.,resilience_of_asset,v1
REF064,Develop interoperability standards across humanitarian and government digital response systems,"Government disaster platforms, UN tools and NGO systems can exchange data.",resilience_of_asset,v1
REF065,Build misinformation rapid-response protocols for crisis communications,SOPs for monitoring and countering misinformation during active emergency response.,digital_for_resilience,v1
REF066,Address algorithmic accountability in emergency resource allocation systems,Audit and oversight frameworks for algorithmic systems prioritizing emergency resource distribution.,resilience_of_asset,v1
REF067,Build digital business continuity capacity for SMEs and micro-enterprises,"Cloud backup, digital inventory management, cyber insurance access and continuity planning for small firms.",digital_for_resilience,v1
REF068,Issue digital identity credentials to displaced and crisis-affected populations lacking documentation,"Identity verification for refugees, IDPs and people who lost documents.",digital_for_resilience,v1
REF069,Design social registries with dynamic expansion capability for rapid shock response,Registry architectures that rapidly scale enrollment during emergencies.,digital_for_resilience,v1
REF070,Deploy digital disease surveillance and epidemic intelligence platforms,"Disease detection, case reporting, contact tracing and epidemiological analytics.",digital_for_resilience,v1
REF071,Build digital food security early warning and anticipatory action systems,"Food price monitoring, nutrition surveillance, crop forecasting and market data triggering anticipatory action.",digital_for_resilience,v1
REF072,"Develop urban geospatial risk data platforms integrating hazard, exposure, and vulnerability layers","Hazard maps, building footprints, population density and infrastructure vulnerability in one platform.",digital_for_resilience,v1
REF073,Deploy AI and machine learning models for disaster nowcasting and short-range prediction,"ML-based nowcasting for sub-hourly, hyperlocal disaster prediction.",digital_for_resilience,v1
REF074,Deploy AI-automated building-level damage assessment using satellite and drone imagery,Computer vision on post-disaster imagery for automated building-by-building damage classification.,digital_for_resilience,v1
REF075,Use anonymized mobile network data for real-time population displacement tracking during disasters,Anonymized call detail records to track population movements during disasters.,digital_for_resilience,v1
REF076,Support community-owned mesh networks and locally maintained connectivity infrastructure,Communities build and maintain their own connectivity using mesh networks and solar-powered WiFi.,resilience_of_asset,v1
REF077,Deploy SCADA and IoT monitoring systems for water utility resilience,"Supervisory control, automated meter reading, hydraulic modeling and real-time leak detection for water utilities.",digital_for_resilience,v1
REF078,Install digital instrumentation and remote monitoring for dam safety,"IoT sensors, SCADA, automated data acquisition and early warning alerts for dam structural integrity.",digital_for_resilience,v1
REF079,Implement digital platforms for port and maritime supply chain resilience,"Maritime Single Windows, Port Community Systems and Port Management Systems.",digital_for_resilience,v1
REF080,"Establish sector-specific OT cybersecurity frameworks for energy, water, and transport systems","Cybersecurity standards and incident response for operational technology in power grids, water SCADA and port systems.",resilience_of_asset,v1
REF081,Develop cybersecurity governance and data protection frameworks for health sector digital systems,Health-specific cybersecurity including patient data protection and ransomware preparedness for hospitals.,resilience_of_asset,v1
REF082,Establish regulatory frameworks for LEO satellite connectivity as emergency backup,Policies for governments to contract low-earth orbit satellite services as standby backup.,resilience_of_asset,v1
REF083,Develop sovereign cloud and data residency policies for government continuity,"Policies on where government data resides and who controls it, including data embassy arrangements.",resilience_of_asset,v1
REF084,Establish regional frameworks for cross-border digital resilience cooperation,Regional mutual aid for digital emergencies including cross-border emergency roaming and regional CERT coordination.,resilience_of_asset,v1
REF085,Integrate digital climate risk analytics into public financial management systems,Disaster loss databases and climate risk projections embedded into government FMIS.,digital_for_resilience,v1
REF086,Develop and regularly test government ICT business continuity and disaster recovery plans,"Continuity plans covering technical failover and offline service delivery, created, maintained and exercised.",resilience_of_asset,v1
REF087,Provide emergency connectivity to displaced populations in humanitarian settings,"Internet access, WiFi hotspots and device access in camps, settlements and host communities.",digital_for_resilience,v1
REF088,Deploy digital tools for climate-adapted livestock management and pastoral early warning,"Satellite-based pasture monitoring, livestock tracking, veterinary telemedicine and pastoral migration advisory.",digital_for_resilience,v1
REF089,Deploy rapid digital household welfare tracking for post-disaster needs assessment,"Mobile phone surveys, CATI and SMS monitoring for rapid household-level needs identification after disasters.",digital_for_resilience,v1
