community_id,size,n_paragraphs,n_documents,n_projects,project_spread,asset_top,asset_spread,commitment_share,junk_section_share,top_section,template_score,hazard_proximity,mean_cos_to_centroid,nearest_reference_id,nearest_reference_cos,verdict,verdict_reason,run_id,discovery_version
c0114,1424,1056,113,70,1.0,dpi,0.7253,0.0035,0.2605,Project Components,0.4717,0.3898,0.6095,REF030,0.3972,shortlist,,20260918T0135-7dd1a33,discover-1
c0070,929,445,115,66,0.9429,access_connectivity,0.542,0.0657,0.6695,Environmental and Social,0.5175,0.4692,0.657,REF030,0.4913,junk,junk_section_share>=0.6,20260918T0135-7dd1a33,discover-1
c0297,798,508,85,69,0.9857,access_connectivity,0.6806,0.1153,0.1491,Project Components,0.3742,0.2988,0.6427,REF011,0.5827,shortlist,,20260918T0135-7dd1a33,discover-1
c0377,776,582,88,61,0.8714,access_connectivity,0.6836,0.049,0.116,Project Components,0.4242,0.2444,0.7038,REF059,0.4998,shortlist,,20260918T0135-7dd1a33,discover-1
c0236,760,658,92,67,0.9571,dpi,0.6211,0.0026,0.1224,Project Components,0.4105,0.3993,0.6514,REF061,0.4318,shortlist,,20260918T0135-7dd1a33,discover-1
c0292,748,519,110,63,0.9,access_connectivity,0.662,0.111,0.7193,Institutional and Implementation Arrangements,0.54,0.3297,0.7168,REF079,0.3589,junk,junk_section_share>=0.6,20260918T0135-7dd1a33,discover-1
c0174,742,333,72,64,0.9143,access_connectivity,0.7393,0.0391,0.0121,"Technical, Economic and Financial Analysis",0.3107,0.3437,0.63,REF085,0.3576,shortlist,,20260918T0135-7dd1a33,discover-1
c0274,677,261,74,65,0.9286,drm_ews,0.607,0.0,0.0295,Country Context,0.3123,0.7168,0.6161,REF041,0.5539,shortlist,,20260918T0135-7dd1a33,discover-1
c0074,659,252,79,61,0.8714,access_connectivity,0.5045,0.0379,0.7284,Environmental and Social,0.3136,0.6,0.5795,REF037,0.4435,junk,junk_section_share>=0.6,20260918T0135-7dd1a33,discover-1
c0196,581,399,83,66,0.9429,cybersecurity,0.7351,0.0654,0.296,Project Components,0.3478,0.3327,0.6118,REF059,0.4065,shortlist,,20260918T0135-7dd1a33,discover-1
c0194,578,431,74,61,0.8714,access_connectivity,0.606,0.0398,0.1436,Project Components,0.3331,0.3456,0.6573,REF045,0.4498,shortlist,,20260918T0135-7dd1a33,discover-1
c0270,562,326,70,63,0.9,access_connectivity,0.8249,0.0605,0.0765,Project Components,0.3017,0.4633,0.6292,REF042,0.4917,shortlist,,20260918T0135-7dd1a33,discover-1
c0062,540,379,116,67,0.9571,access_connectivity,0.677,0.0352,0.5574,DESCRIPTION OF PROPOSED CHANGES,0.5181,0.3307,0.6521,REF030,0.4354,shortlist,,20260918T0135-7dd1a33,discover-1
c0252,532,325,85,62,0.8857,cybersecurity,0.6899,0.0395,0.2744,Sectoral and Institutional Context,0.3786,0.327,0.6502,REF063,0.6059,shortlist,,20260918T0135-7dd1a33,discover-1
c0271,491,252,46,38,0.5429,drm_ews,0.3484,0.0305,0.2383,Project Components,0.1871,0.4499,0.5939,REF044,0.5316,shortlist,,20260918T0135-7dd1a33,discover-1
c0185,486,307,60,46,0.6571,dpi,0.7098,0.0597,0.0782,Detailed Project Description,0.2626,0.2971,0.6389,REF010,0.6505,shortlist,,20260918T0135-7dd1a33,discover-1
c0053,479,462,90,61,0.8714,dpi,0.7282,0.0042,0.0605,Project Components,0.4731,0.2611,0.7675,REF056,0.4789,shortlist,,20260918T0135-7dd1a33,discover-1
c0253,449,294,84,60,0.8571,cybersecurity,0.5428,0.049,0.1158,Project Components,0.3857,0.4096,0.6704,REF047,0.7075,shortlist,,20260918T0135-7dd1a33,discover-1
c0163,444,407,98,68,0.9714,dpi,0.7146,0.1622,0.2005,Project Components,0.4711,0.3756,0.7018,REF030,0.3795,shortlist,,20260918T0135-7dd1a33,discover-1
c0349,437,225,77,62,0.8857,cybersecurity,0.8606,0.1625,0.9314,Implementation Arrangements and Support Plan,0.3533,0.2801,0.6699,REF066,0.3751,junk,junk_section_share>=0.6,20260918T0135-7dd1a33,discover-1
c0348,429,217,17,14,0.2,dpi,0.3286,0.0629,0.1795,Technical Design and Component Descriptions,0.0768,0.2475,0.6592,REF005,0.4581,shortlist,,20260918T0135-7dd1a33,discover-1
c0371,429,281,68,61,0.8714,access_connectivity,0.6369,0.0816,0.1189,Project Components,0.3392,0.2361,0.7283,REF011,0.6051,shortlist,,20260918T0135-7dd1a33,discover-1
c0384,405,259,67,51,0.7286,access_connectivity,0.577,0.037,0.1481,Sectoral and Institutional Context,0.2966,0.2801,0.6462,REF043,0.6408,shortlist,,20260918T0135-7dd1a33,discover-1
c0261,401,375,100,68,0.9714,access_connectivity,0.7663,0.0175,0.5511,Implementation Arrangements and Support Plan,0.4831,0.3785,0.7054,REF030,0.3284,shortlist,,20260918T0135-7dd1a33,discover-1
c0085,400,350,79,56,0.8,access_connectivity,0.3288,0.1825,0.13,Project Components,0.3929,0.301,0.7262,REF046,0.5677,shortlist,,20260918T0135-7dd1a33,discover-1
c0343,400,276,54,45,0.6429,access_connectivity,0.8225,0.0,0.2125,Country Context,0.1905,0.4035,0.5151,REF087,0.3873,shortlist,,20260918T0135-7dd1a33,discover-1
c0267,393,301,69,62,0.8857,drm_ews,0.6859,0.084,0.0636,Project Components,0.3399,0.5807,0.7193,REF041,0.7449,shortlist,,20260918T0135-7dd1a33,discover-1
c0332,382,169,60,58,0.8286,access_connectivity,0.7914,0.0,0.0314,Country Context,0.2544,0.2284,0.619,REF011,0.4183,shortlist,,20260918T0135-7dd1a33,discover-1
c0387,379,347,85,65,0.9286,dpi,0.7252,0.0026,0.1715,Project Components,0.4048,0.3272,0.6954,REF042,0.5182,shortlist,,20260918T0135-7dd1a33,discover-1
c0373,367,159,62,56,0.8,access_connectivity,0.665,0.0027,0.0518,Sectoral and Institutional Context,0.2935,0.1812,0.6912,REF011,0.4856,shortlist,,20260918T0135-7dd1a33,discover-1
c0306,358,304,100,64,0.9143,access_connectivity,0.8339,0.0112,0.243,Project Components,0.47,0.3102,0.6862,REF005,0.3183,shortlist,,20260918T0135-7dd1a33,discover-1
c0227,352,326,110,58,0.8286,dpi,0.7738,0.0028,0.4091,Project Components,0.5114,0.3283,0.6788,REF030,0.2872,shortlist,,20260918T0135-7dd1a33,discover-1
c0198,349,294,82,62,0.8857,cybersecurity,0.6905,0.0,0.2865,Project Components,0.3633,0.3675,0.6469,REF043,0.4748,shortlist,,20260918T0135-7dd1a33,discover-1
c0325,343,175,73,62,0.8857,dpi,0.9202,0.1166,0.9504,Implementation Arrangements and Support Plan,0.3134,0.2742,0.6268,REF005,0.4198,junk,junk_section_share>=0.6,20260918T0135-7dd1a33,discover-1
c0213,319,254,78,59,0.8429,dpi,0.7483,0.0094,0.0815,Project Components,0.3453,0.3703,0.6463,REF064,0.6776,shortlist,,20260918T0135-7dd1a33,discover-1
c0183,316,191,56,44,0.6286,dpi,0.7385,0.0285,0.0823,Project Components,0.245,0.3276,0.6389,REF067,0.4731,shortlist,,20260918T0135-7dd1a33,discover-1
c0258,314,288,71,67,0.9571,access_connectivity,0.656,0.2803,0.535,Lessons Learned and Reflected in the Project Design,0.3277,0.3699,0.6739,REF030,0.3876,shortlist,,20260918T0135-7dd1a33,discover-1
c0362,313,200,54,45,0.6429,drm_ews,0.8509,0.0,0.2492,Country Context,0.2298,0.4313,0.6214,REF054,0.3871,shortlist,,20260918T0135-7dd1a33,discover-1
c0364,311,146,65,64,0.9143,dpi,0.864,0.0032,0.0514,Country Context,0.2795,0.2822,0.6279,REF005,0.3007,shortlist,,20260918T0135-7dd1a33,discover-1
c0104,290,247,71,65,0.9286,dpi,0.8049,0.0,0.0379,"Technical, Economic and Financial Analysis",0.3206,0.353,0.6593,REF006,0.3566,shortlist,,20260918T0135-7dd1a33,discover-1
c0336,290,216,84,65,0.9286,dpi,0.9284,0.1345,0.9276,Implementation Arrangements and Support Plan,0.408,0.2685,0.7092,REF045,0.4361,junk,junk_section_share>=0.6,20260918T0135-7dd1a33,discover-1
c0214,287,271,82,65,0.9286,cybersecurity,0.8318,0.0627,0.2718,Project Components,0.4097,0.3882,0.7295,REF036,0.4228,shortlist,,20260918T0135-7dd1a33,discover-1
c0160,280,259,69,60,0.8571,dpi,0.7428,0.2821,0.1321,Project Components,0.3317,0.3256,0.7018,REF079,0.4157,shortlist,,20260918T0135-7dd1a33,discover-1
c0210,280,187,63,54,0.7714,data_hosting,0.5634,0.0214,0.0857,Project Components,0.2673,0.4278,0.6195,REF036,0.6111,shortlist,,20260918T0135-7dd1a33,discover-1
c0207,279,239,74,63,0.9,dpi,0.8193,0.0,0.0502,Relevance to Higher Level Objectives,0.3445,0.3712,0.6797,REF046,0.3656,shortlist,,20260918T0135-7dd1a33,discover-1
c0313,279,181,76,62,0.8857,access_connectivity,0.0,0.0287,0.9427,Fiduciary,0.383,0.3227,0.7357,REF085,0.4342,junk,junk_section_share>=0.6,20260918T0135-7dd1a33,discover-1
c0312,276,234,69,64,0.9143,drm_ews,0.6757,0.0072,0.0399,Project Components,0.3429,0.6936,0.7255,REF036,0.6317,shortlist,,20260918T0135-7dd1a33,discover-1
c0338,274,162,64,55,0.7857,dpi,0.4416,0.2628,0.9124,Implementation Arrangements and Support Plan,0.285,0.281,0.65,REF085,0.4933,junk,junk_section_share>=0.6,20260918T0135-7dd1a33,discover-1
c0079,271,252,78,67,0.9571,access_connectivity,0.7215,0.0148,0.8044,KEY RISKS,0.3786,0.519,0.7087,REF030,0.4976,junk,junk_section_share>=0.6,20260918T0135-7dd1a33,discover-1
c0321,266,199,70,67,0.9571,access_connectivity,0.683,0.0263,0.2143,Rationale for Bank Involvement and Role of Partners,0.3302,0.3231,0.6888,REF085,0.4145,shortlist,,20260918T0135-7dd1a33,discover-1
c0301,265,161,77,66,0.9429,dpi,0.9212,0.0981,0.9585,Implementation Arrangements and Support Plan,0.4103,0.2501,0.7779,REF045,0.4662,junk,junk_section_share>=0.6,20260918T0135-7dd1a33,discover-1
c0132,260,213,68,44,0.6286,access_connectivity,0.6701,0.0577,0.4885,DESCRIPTION OF PROPOSED CHANGES,0.3204,0.3359,0.6878,REF036,0.3585,shortlist,,20260918T0135-7dd1a33,discover-1
c0148,257,186,60,53,0.7571,dpi,0.6246,0.0039,0.1829,Sectoral and Institutional Context,0.2761,0.3096,0.6717,REF053,0.4852,shortlist,,20260918T0135-7dd1a33,discover-1
c0288,255,132,64,51,0.7286,access_connectivity,0.9206,0.2,0.9451,Implementation Arrangements and Support Plan,0.2915,0.2604,0.6649,REF085,0.3784,junk,junk_section_share>=0.6,20260918T0135-7dd1a33,discover-1
c0187,254,177,73,51,0.7286,access_connectivity,0.772,0.1811,0.4331,Environmental and Social,0.3483,0.3491,0.6966,REF030,0.4641,shortlist,,20260918T0135-7dd1a33,discover-1
c0355,254,209,54,42,0.6,dpi,0.4717,0.0236,0.1535,Project Components,0.2635,0.2433,0.7124,REF068,0.5899,shortlist,,20260918T0135-7dd1a33,discover-1
c0409,253,240,64,52,0.7429,dpi,0.6738,0.0,0.1779,Project Components,0.3442,0.2771,0.7852,REF051,0.5072,shortlist,,20260918T0135-7dd1a33,discover-1
c0169,248,204,54,47,0.6714,dpi,0.6279,0.004,0.2218,Project Components,0.2351,0.3665,0.6357,REF030,0.4673,shortlist,,20260918T0135-7dd1a33,discover-1
c0403,247,237,63,52,0.7429,access_connectivity,0.4981,0.0081,0.1215,Project Components,0.3224,0.2955,0.7471,REF046,0.6075,shortlist,,20260918T0135-7dd1a33,discover-1
c0128,245,231,75,61,0.8714,access_connectivity,0.7813,0.0,0.3306,Implementation Arrangements and Support Plan,0.3018,0.3885,0.5875,REF030,0.3847,shortlist,,20260918T0135-7dd1a33,discover-1
c0179,244,142,27,22,0.3143,drm_ews,0.7534,0.0492,0.0943,Project Components,0.1165,0.3761,0.6301,REF056,0.5983,shortlist,,20260918T0135-7dd1a33,discover-1
c0284,242,220,72,56,0.8,dpi,0.7109,0.0041,0.1074,Project Components,0.3558,0.2816,0.7215,REF086,0.5152,shortlist,,20260918T0135-7dd1a33,discover-1
c0347,241,138,25,25,0.3571,dpi,0.2523,0.0,0.1535,Sectoral and Institutional Context,0.1021,0.261,0.5961,REF068,0.6076,shortlist,,20260918T0135-7dd1a33,discover-1
c0276,239,193,80,40,0.5714,access_connectivity,0.7757,0.0293,0.4142,PROJECT STATUS AND RATIONALE FOR RESTRUCTURING,0.3787,0.299,0.6912,REF005,0.3802,shortlist,,20260918T0135-7dd1a33,discover-1
c0399,239,178,67,63,0.9,access_connectivity,0.5646,0.0251,0.205,Rationale for Bank Involvement and Role of Partners,0.3301,0.2685,0.7193,REF005,0.4964,shortlist,,20260918T0135-7dd1a33,discover-1
c0175,236,221,89,59,0.8429,dpi,0.7477,0.0254,0.2881,Sectoral and Institutional Context,0.3619,0.3501,0.5936,REF083,0.4571,shortlist,,20260918T0135-7dd1a33,discover-1
c0089,233,212,77,48,0.6857,dpi,0.6216,0.2232,0.1545,Project Components,0.3951,0.2629,0.7491,REF079,0.5321,shortlist,,20260918T0135-7dd1a33,discover-1
c0323,233,221,77,61,0.8714,access_connectivity,0.5033,0.0043,0.9185,Implementation Arrangements and Support Plan,0.4068,0.3212,0.7713,REF009,0.3552,junk,junk_section_share>=0.6,20260918T0135-7dd1a33,discover-1
c0396,231,159,56,51,0.7286,mobile_towers,0.6102,0.0,0.0606,Sectoral and Institutional Context,0.2563,0.2056,0.6683,REF087,0.4646,shortlist,,20260918T0135-7dd1a33,discover-1
c0212,227,193,104,55,0.7857,access_connectivity,0.7241,0.0132,0.511,Project Status,0.4829,0.4077,0.6779,REF030,0.3553,shortlist,,20260918T0135-7dd1a33,discover-1
c0057,222,177,70,62,0.8857,access_connectivity,0.7544,0.009,0.3108,Implementation Arrangements and Support Plan,0.2973,0.3812,0.62,REF002,0.3119,shortlist,,20260918T0135-7dd1a33,discover-1
c0277,222,138,69,50,0.7143,dpi,0.8053,0.0,0.8468,Implementation Arrangements and Support Plan,0.3309,0.3281,0.7002,REF045,0.421,junk,junk_section_share>=0.6,20260918T0135-7dd1a33,discover-1
c0120,220,182,69,55,0.7857,dpi,0.7904,0.0,0.4,Sectoral and Institutional Context,0.2858,0.4079,0.6048,REF030,0.3631,shortlist,,20260918T0135-7dd1a33,discover-1
c0282,220,200,65,54,0.7714,cybersecurity,0.8775,0.0136,0.0591,Project Components,0.3198,0.2568,0.7184,REF067,0.487,shortlist,,20260918T0135-7dd1a33,discover-1
c0180,219,184,50,48,0.6857,access_connectivity,0.4036,0.0091,0.1644,Sectoral and Institutional Context,0.2231,0.3952,0.6513,REF045,0.3667,shortlist,,20260918T0135-7dd1a33,discover-1
c0341,216,132,51,48,0.6857,access_connectivity,0.6726,0.0231,0.0093,Economic and Financial Analysis,0.2499,0.2368,0.7155,REF046,0.4658,shortlist,,20260918T0135-7dd1a33,discover-1
c0352,216,167,34,28,0.4,dpi,0.3017,0.0417,0.1944,Sectoral and Institutional Context,0.1595,0.2848,0.6851,REF068,0.5603,shortlist,,20260918T0135-7dd1a33,discover-1
c0394,215,164,56,51,0.7286,access_connectivity,0.5739,0.0,0.0558,Sectoral and Institutional Context,0.2549,0.3393,0.6645,REF046,0.5261,shortlist,,20260918T0135-7dd1a33,discover-1
c0356,214,125,30,26,0.3714,dpi,0.5352,0.0047,0.0981,Technical Design and Component Descriptions,0.1307,0.265,0.6361,REF068,0.5425,shortlist,,20260918T0135-7dd1a33,discover-1
c0319,212,166,67,53,0.7571,access_connectivity,0.0,0.1509,0.9575,Implementation Arrangements and Support Plan,0.3239,0.3601,0.7057,REF085,0.4272,junk,junk_section_share>=0.6,20260918T0135-7dd1a33,discover-1
c0281,210,192,82,64,0.9143,access_connectivity,0.868,0.281,0.7857,Institutional and Implementation Arrangements,0.4024,0.3115,0.7165,REF030,0.3978,junk,junk_section_share>=0.6,20260918T0135-7dd1a33,discover-1
c0340,209,188,76,67,0.9571,access_connectivity,0.9591,0.2344,0.9665,Fiduciary,0.4242,0.2204,0.8148,REF045,0.438,junk,junk_section_share>=0.6,20260918T0135-7dd1a33,discover-1
c0123,206,204,94,64,0.9143,dpi,0.8079,0.0,0.3835,Project Components,0.407,0.4007,0.6322,REF030,0.3812,shortlist,,20260918T0135-7dd1a33,discover-1
c0406,206,163,53,46,0.6571,access_connectivity,0.5706,0.0825,0.1019,Project Components,0.237,0.3151,0.6529,REF043,0.6256,shortlist,,20260918T0135-7dd1a33,discover-1
c0372,201,152,60,56,0.8,access_connectivity,0.7788,0.005,0.0995,Sectoral and Institutional Context,0.2812,0.2767,0.6841,REF061,0.5423,shortlist,,20260918T0135-7dd1a33,discover-1
c0193,199,186,72,56,0.8,dpi,0.7239,0.0201,0.4171,Project Components,0.3295,0.3862,0.6682,REF053,0.5049,shortlist,,20260918T0135-7dd1a33,discover-1
c0118,198,194,68,59,0.8429,access_connectivity,0.8081,0.0,0.2576,Project Components,0.2928,0.4451,0.6287,REF011,0.4234,shortlist,,20260918T0135-7dd1a33,discover-1
c0268,198,95,15,12,0.1714,dpi,0.3508,0.0202,0.2273,Technical Design and Component Descriptions,0.0674,0.281,0.6561,REF069,0.4528,shortlist,,20260918T0135-7dd1a33,discover-1
c0291,197,159,72,58,0.8286,dpi,0.694,0.3401,0.8376,Institutional and Implementation Arrangements,0.354,0.2949,0.7178,REF030,0.366,junk,junk_section_share>=0.6,20260918T0135-7dd1a33,discover-1
c0223,195,180,97,53,0.7571,access_connectivity,0.7975,0.0051,0.3487,PROJECT STATUS AND RATIONALE FOR RESTRUCTURING,0.4279,0.2556,0.644,REF063,0.3562,shortlist,,20260918T0135-7dd1a33,discover-1
c0051,194,194,86,65,0.9286,access_connectivity,0.781,0.0206,0.0412,Project Components,0.4579,0.2908,0.7773,REF085,0.4054,shortlist,,20260918T0135-7dd1a33,discover-1
c0229,192,165,81,49,0.7,dpi,0.7565,0.0104,0.3698,PROJECT STATUS AND RATIONALE FOR RESTRUCTURING,0.3762,0.3191,0.6782,REF036,0.2994,shortlist,,20260918T0135-7dd1a33,discover-1
c0287,191,110,57,52,0.7429,drm_ews,0.644,0.0157,0.0681,Relevance to Higher Level Objectives,0.2695,0.4442,0.6904,REF057,0.4819,shortlist,,20260918T0135-7dd1a33,discover-1
c0119,190,184,68,57,0.8143,dpi,0.8199,0.0,0.3158,Project Components,0.3167,0.4061,0.6799,REF052,0.3554,shortlist,,20260918T0135-7dd1a33,discover-1
c0308,190,141,62,48,0.6857,dpi,0.7679,0.0368,0.6579,Institutional and Implementation Arrangements,0.2787,0.2533,0.6562,REF086,0.3918,junk,junk_section_share>=0.6,20260918T0135-7dd1a33,discover-1
c0218,189,160,65,59,0.8429,dpi,0.9206,0.0159,0.037,Project Components,0.3079,0.6163,0.6917,REF051,0.6981,shortlist,,20260918T0135-7dd1a33,discover-1
c0237,187,133,50,47,0.6714,dpi,0.891,0.016,0.877,Implementation Arrangements and Support Plan,0.2292,0.3058,0.6692,REF030,0.3438,junk,junk_section_share>=0.6,20260918T0135-7dd1a33,discover-1
c0408,186,163,49,45,0.6429,access_connectivity,0.4006,0.1129,0.1075,Project Components,0.2384,0.3033,0.7102,REF046,0.6133,shortlist,,20260918T0135-7dd1a33,discover-1
c0087,184,163,59,47,0.6714,access_connectivity,0.7502,0.1957,0.0435,Project Components,0.2987,0.2348,0.7391,REF067,0.4982,shortlist,,20260918T0135-7dd1a33,discover-1
c0278,184,143,59,56,0.8,access_connectivity,0.785,0.0054,0.7772,Implementation Arrangements and Support Plan,0.2846,0.2782,0.7041,REF045,0.4366,junk,junk_section_share>=0.6,20260918T0135-7dd1a33,discover-1
c0032,182,124,54,33,0.4714,drm_ews,0.0928,0.1154,0.1538,Project Components,0.2637,0.4649,0.713,REF058,0.4728,shortlist,,20260918T0135-7dd1a33,discover-1
c0063,182,153,86,62,0.8857,dpi,0.758,0.0385,0.3407,Project Development Objective,0.4419,0.2542,0.7502,REF027,0.3371,shortlist,,20260918T0135-7dd1a33,discover-1
c0206,181,163,70,59,0.8429,dpi,0.7291,0.0,0.2376,Project Components,0.2933,0.4103,0.6117,REF024,0.467,shortlist,,20260918T0135-7dd1a33,discover-1
c0041,180,124,80,41,0.5857,access_connectivity,0.4497,0.0222,0.3333,Project Status,0.4089,0.3148,0.7463,REF030,0.309,shortlist,,20260918T0135-7dd1a33,discover-1
c0199,180,126,53,53,0.7571,dpi,0.5852,0.0889,0.3278,Project Components,0.2387,0.3028,0.6576,REF021,0.5363,shortlist,,20260918T0135-7dd1a33,discover-1
c0354,179,139,46,39,0.5571,access_connectivity,0.5996,0.0,0.1117,Project Components,0.1717,0.3872,0.5448,REF072,0.3585,shortlist,,20260918T0135-7dd1a33,discover-1
c0296,176,149,57,53,0.7571,access_connectivity,0.5158,0.0,0.517,Implementation Arrangements and Support Plan,0.2607,0.291,0.6677,REF045,0.453,shortlist,,20260918T0135-7dd1a33,discover-1
c0410,176,165,63,47,0.6714,dpi,0.6746,0.0284,0.3466,Project Components,0.3282,0.2571,0.7607,REF051,0.538,shortlist,,20260918T0135-7dd1a33,discover-1
c0398,172,155,51,43,0.6143,dpi,0.5114,0.0174,0.0814,Project Components,0.2426,0.2885,0.6944,REF079,0.4625,shortlist,,20260918T0135-7dd1a33,discover-1
c0072,171,140,68,59,0.8429,,0.0,0.0526,0.9766,Fiduciary,0.3676,0.4211,0.7893,REF085,0.4323,junk,junk_section_share>=0.6,20260918T0135-7dd1a33,discover-1
c0228,171,136,66,38,0.5429,access_connectivity,0.8194,0.0058,0.5731,DESCRIPTION OF PROPOSED CHANGES,0.3167,0.3262,0.7006,REF030,0.3571,shortlist,,20260918T0135-7dd1a33,discover-1
c0388,171,159,66,52,0.7429,dpi,0.7909,0.0117,0.152,Sectoral and Institutional Context,0.346,0.2802,0.7653,REF067,0.5167,shortlist,,20260918T0135-7dd1a33,discover-1
c0027,170,167,57,56,0.8,access_connectivity,0.796,0.0,0.3235,Implementation Arrangements and Support Plan,0.3388,0.2774,0.8678,REF027,0.2717,shortlist,,20260918T0135-7dd1a33,discover-1
c0342,169,139,74,53,0.7571,access_connectivity,0.8113,0.0118,0.9112,Implementation Arrangements and Support Plan,0.3381,0.2868,0.6671,REF085,0.3534,junk,junk_section_share>=0.6,20260918T0135-7dd1a33,discover-1
c0166,168,166,75,55,0.7857,dpi,0.8209,0.0,0.2738,DETAILED CHANGE(S),0.271,0.3087,0.5275,REF027,0.2726,shortlist,,20260918T0135-7dd1a33,discover-1
c0125,164,113,21,17,0.2429,data_hosting,0.8116,0.0244,0.2256,Project Components,0.097,0.2828,0.6746,REF067,0.4343,shortlist,,20260918T0135-7dd1a33,discover-1
c0337,164,149,77,52,0.7429,access_connectivity,0.7443,0.0061,0.811,Implementation Arrangements and Support Plan,0.3867,0.2897,0.7333,REF045,0.4403,junk,junk_section_share>=0.6,20260918T0135-7dd1a33,discover-1
c0402,164,126,45,37,0.5286,access_connectivity,0.371,0.0427,0.061,Project Components,0.2111,0.2956,0.6851,REF046,0.5648,shortlist,,20260918T0135-7dd1a33,discover-1
c0238,157,136,52,44,0.6286,cybersecurity,0.4017,0.0127,0.0764,Project Components,0.256,0.3721,0.7186,REF047,0.6339,shortlist,,20260918T0135-7dd1a33,discover-1
c0117,154,139,71,63,0.9,access_connectivity,0.7686,0.2727,0.1558,Project Beneficiaries,0.3252,0.2856,0.6687,REF005,0.442,shortlist,,20260918T0135-7dd1a33,discover-1
c0290,154,133,58,42,0.6,dpi,0.8102,0.3701,0.8377,Institutional and Implementation Arrangements,0.2751,0.285,0.6925,REF086,0.4108,junk,junk_section_share>=0.6,20260918T0135-7dd1a33,discover-1
c0304,154,141,69,63,0.9,access_connectivity,0.7042,0.0584,0.039,Relevance to Higher Level Objectives,0.3413,0.2837,0.7223,REF005,0.4041,shortlist,,20260918T0135-7dd1a33,discover-1
c0113,153,102,46,38,0.5429,access_connectivity,0.5959,0.0261,0.4379,Environmental and Social,0.2255,0.3531,0.7157,REF045,0.3704,shortlist,,20260918T0135-7dd1a33,discover-1
c0208,153,136,51,46,0.6571,access_connectivity,0.8376,0.0131,0.0784,Project Components,0.2338,0.3093,0.6693,REF059,0.3142,shortlist,,20260918T0135-7dd1a33,discover-1
c0326,153,132,71,55,0.7857,dpi,0.7958,0.0065,0.8627,Implementation Arrangements and Support Plan,0.3428,0.2709,0.705,REF005,0.4264,junk,junk_section_share>=0.6,20260918T0135-7dd1a33,discover-1
c0305,152,138,53,43,0.6143,access_connectivity,0.8173,0.0197,0.1053,Project Components,0.2721,0.3167,0.7497,REF005,0.4039,shortlist,,20260918T0135-7dd1a33,discover-1
c0190,150,148,53,48,0.6857,access_connectivity,0.7547,0.1333,0.1667,Project Components,0.2482,0.3285,0.6837,REF030,0.3762,shortlist,,20260918T0135-7dd1a33,discover-1
c0177,148,112,68,55,0.7857,dpi,0.0,0.277,0.9595,Implementation Arrangements and Support Plan,0.3683,0.2385,0.7908,REF079,0.3883,junk,junk_section_share>=0.6,20260918T0135-7dd1a33,discover-1
c0184,148,131,50,48,0.6857,dpi,0.758,0.0068,0.1216,Project Components,0.2216,0.3622,0.647,REF067,0.4266,shortlist,,20260918T0135-7dd1a33,discover-1
c0076,147,144,60,56,0.8,cybersecurity,0.8608,0.0,0.4898,KEY RISKS,0.3068,0.5248,0.7465,REF030,0.514,shortlist,,20260918T0135-7dd1a33,discover-1
c0145,147,142,62,49,0.7,dpi,0.7605,0.0068,0.2993,Project Components,0.2627,0.3983,0.6186,REF030,0.4068,shortlist,,20260918T0135-7dd1a33,discover-1
c0251,147,110,56,55,0.7857,drm_ews,0.9591,0.2109,0.6871,Results Monitoring and Evaluation Arrangements,0.2703,0.343,0.7048,REF021,0.4695,junk,junk_section_share>=0.6,20260918T0135-7dd1a33,discover-1
c0178,143,104,14,11,0.1571,drm_ews,0.5482,0.042,0.1189,Project Components,0.0654,0.3369,0.6816,REF056,0.7449,shortlist,,20260918T0135-7dd1a33,discover-1
c0360,143,138,65,55,0.7857,dpi,0.8047,0.0,0.1329,Sectoral and Institutional Context,0.2677,0.2473,0.6013,REF075,0.3127,shortlist,,20260918T0135-7dd1a33,discover-1
c0241,141,121,64,34,0.4857,access_connectivity,0.7079,0.0,0.6099,PROJECT STATUS AND RATIONALE FOR RESTRUCTURING,0.322,0.3443,0.7346,REF045,0.3114,junk,junk_section_share>=0.6,20260918T0135-7dd1a33,discover-1
c0400,141,134,65,37,0.5286,access_connectivity,0.6064,0.0071,0.461,RESULTS FRAMEWORK AND MONITORING,0.3142,0.2818,0.7059,REF005,0.505,shortlist,,20260918T0135-7dd1a33,discover-1
c0164,139,131,64,51,0.7286,dpi,0.7671,0.1655,0.1583,Project Components,0.3331,0.3128,0.7598,REF030,0.3416,shortlist,,20260918T0135-7dd1a33,discover-1
c0369,139,83,29,28,0.4,cybersecurity,0.5943,0.0072,0.1295,Sectoral and Institutional Context,0.1341,0.3173,0.6752,REF011,0.5092,shortlist,,20260918T0135-7dd1a33,discover-1
c0071,138,124,60,51,0.7286,access_connectivity,0.5862,0.0,0.9638,KEY RISKS,0.3158,0.4108,0.7686,REF030,0.4173,junk,junk_section_share>=0.6,20260918T0135-7dd1a33,discover-1
c0172,138,96,48,44,0.6286,drm_ews,0.7997,0.0072,0.029,Sectoral and Institutional Context,0.2284,0.7071,0.6947,REF041,0.6737,shortlist,,20260918T0135-7dd1a33,discover-1
c0133,137,129,74,52,0.7429,dpi,0.694,0.0,0.2336,Sectoral and Institutional Context,0.323,0.36,0.6373,REF036,0.2879,shortlist,,20260918T0135-7dd1a33,discover-1
c0220,137,109,41,28,0.4,dpi,0.4654,0.0073,0.1606,Project Components,0.1956,0.2536,0.6967,REF068,0.5318,shortlist,,20260918T0135-7dd1a33,discover-1
c0346,137,90,48,47,0.6714,dpi,0.7219,0.0292,0.9927,Implementation Arrangements and Support Plan,0.2418,0.2202,0.7355,REF045,0.4628,junk,junk_section_share>=0.6,20260918T0135-7dd1a33,discover-1
c0161,135,133,73,52,0.7429,dpi,0.7435,0.0,0.4296,Implementation Arrangements and Support Plan,0.2819,0.438,0.5639,REF031,0.2635,shortlist,,20260918T0135-7dd1a33,discover-1
c0231,135,79,45,48,0.6857,cybersecurity,0.5571,0.0,0.1556,Sectoral and Institutional Context,0.1952,0.4051,0.6332,REF001,0.545,shortlist,,20260918T0135-7dd1a33,discover-1
c0151,134,128,49,47,0.6714,dpi,0.8906,0.5448,0.0373,Project Components,0.2601,0.2781,0.7751,REF085,0.3707,shortlist,,20260918T0135-7dd1a33,discover-1
c0224,134,122,52,51,0.7286,dpi,0.6809,0.1791,0.2836,Project Components,0.2452,0.3288,0.6884,REF011,0.539,shortlist,,20260918T0135-7dd1a33,discover-1
c0143,133,129,62,53,0.7571,access_connectivity,0.8285,0.0,0.2932,Sectoral and Institutional Context,0.2818,0.376,0.6635,REF066,0.2961,shortlist,,20260918T0135-7dd1a33,discover-1
c0162,133,122,69,45,0.6429,access_connectivity,0.7796,0.0,0.6015,Implementation Arrangements and Support Plan,0.2979,0.3787,0.6303,REF030,0.33,junk,junk_section_share>=0.6,20260918T0135-7dd1a33,discover-1
c0390,133,132,63,51,0.7286,dpi,0.743,0.0,0.0977,Project Components,0.3316,0.3111,0.7684,REF061,0.5178,shortlist,,20260918T0135-7dd1a33,discover-1
c0344,132,113,52,47,0.6714,dpi,0.7219,0.0,0.9242,Implementation Arrangements and Support Plan,0.2434,0.2762,0.6834,REF085,0.3754,junk,junk_section_share>=0.6,20260918T0135-7dd1a33,discover-1
c0322,130,108,46,45,0.6429,access_connectivity,0.8418,0.0,0.0769,Country Context,0.2254,0.2965,0.7153,REF085,0.3623,shortlist,,20260918T0135-7dd1a33,discover-1
c0052,129,126,47,38,0.5429,access_connectivity,0.3169,0.0,0.0388,Project Components,0.2548,0.271,0.7915,REF046,0.4929,shortlist,,20260918T0135-7dd1a33,discover-1
c0054,129,123,57,53,0.7571,dpi,0.0,0.0155,0.7674,Implementation Arrangements and Support Plan,0.2888,0.2974,0.7397,REF030,0.3919,junk,junk_section_share>=0.6,20260918T0135-7dd1a33,discover-1
c0182,129,115,52,41,0.5857,access_connectivity,0.6473,0.0,0.1628,Project Components,0.247,0.3133,0.6934,REF038,0.4159,shortlist,,20260918T0135-7dd1a33,discover-1
c0101,128,107,58,55,0.7857,cybersecurity,0.8962,0.0078,0.9453,Fiduciary,0.3168,0.234,0.7976,REF063,0.2543,junk,junk_section_share>=0.6,20260918T0135-7dd1a33,discover-1
c0249,128,126,59,49,0.7,access_connectivity,0.8322,0.2188,0.3984,Project Components,0.3097,0.3466,0.7664,REF085,0.3679,shortlist,,20260918T0135-7dd1a33,discover-1
c0248,127,122,62,44,0.6286,access_connectivity,0.823,0.0157,0.2362,Project Components,0.2871,0.343,0.6761,REF085,0.3437,shortlist,,20260918T0135-7dd1a33,discover-1
c0255,127,121,63,45,0.6429,access_connectivity,0.8129,0.0315,0.7244,Implementation Arrangements and Support Plan,0.3284,0.3768,0.7611,REF030,0.4049,junk,junk_section_share>=0.6,20260918T0135-7dd1a33,discover-1
c0121,125,124,72,50,0.7143,access_connectivity,0.8017,0.0,0.704,Implementation Arrangements and Support Plan,0.3137,0.3288,0.6362,REF031,0.3099,junk,junk_section_share>=0.6,20260918T0135-7dd1a33,discover-1
c0134,123,119,58,52,0.7429,dpi,0.8827,0.0,0.4797,Implementation Arrangements and Support Plan,0.2355,0.3819,0.5928,REF030,0.4473,shortlist,,20260918T0135-7dd1a33,discover-1
c0046,122,115,61,56,0.8,access_connectivity,0.7726,0.0,0.2459,Sustainability,0.3102,0.4765,0.7424,REF045,0.4021,shortlist,,20260918T0135-7dd1a33,discover-1
c0097,122,115,62,50,0.7143,dpi,0.9697,0.0164,0.7049,Implementation Arrangements and Support Plan,0.3411,0.2528,0.8031,REF045,0.3317,junk,junk_section_share>=0.6,20260918T0135-7dd1a33,discover-1
c0265,122,106,59,41,0.5857,access_connectivity,0.7069,0.0,0.5,Implementation Arrangements and Support Plan,0.2728,0.3023,0.6751,REF045,0.3844,shortlist,,20260918T0135-7dd1a33,discover-1
c0082,121,110,58,54,0.7714,access_connectivity,0.7677,0.0,0.9421,KEY RISKS,0.2945,0.4489,0.7413,REF030,0.4001,junk,junk_section_share>=0.6,20260918T0135-7dd1a33,discover-1
c0405,121,94,65,50,0.7143,dpi,0.5847,0.0248,0.314,Sectoral and Institutional Context,0.3065,0.2196,0.6884,REF086,0.4873,shortlist,,20260918T0135-7dd1a33,discover-1
c0309,120,110,54,52,0.7429,drm_ews,0.6824,0.0,0.0583,Project Components,0.2848,0.6266,0.77,REF085,0.5723,shortlist,,20260918T0135-7dd1a33,discover-1
c0397,120,79,45,42,0.6,mobile_towers,0.6099,0.0,0.1,Sectoral and Institutional Context,0.217,0.1944,0.7041,REF087,0.4253,shortlist,,20260918T0135-7dd1a33,discover-1
c0158,119,115,38,29,0.4143,dpi,0.7748,0.0,0.3613,Project Components,0.2091,0.3034,0.8035,REF030,0.3462,shortlist,,20260918T0135-7dd1a33,discover-1
c0302,119,105,51,45,0.6429,dpi,0.6408,0.0,0.4706,Implementation Arrangements and Support Plan,0.216,0.2966,0.6184,REF002,0.4594,shortlist,,20260918T0135-7dd1a33,discover-1
c0383,119,89,45,42,0.6,dpi,0.6226,0.0168,0.0252,"Technical, Economic and Financial Analysis",0.2226,0.2395,0.7222,REF005,0.4247,shortlist,,20260918T0135-7dd1a33,discover-1
c0059,118,106,38,29,0.4143,dpi,0.9418,0.0,0.4576,DESCRIPTION OF ADDITIONAL FINANCING,0.17,0.3619,0.6533,REF030,0.3395,shortlist,,20260918T0135-7dd1a33,discover-1
c0084,118,106,56,45,0.6429,cybersecurity,0.7495,0.3051,0.1525,Project Components,0.2748,0.3517,0.7165,REF081,0.5629,shortlist,,20260918T0135-7dd1a33,discover-1
c0150,118,117,53,45,0.6429,dpi,0.7352,0.0,0.2881,Project Components,0.2057,0.3684,0.5667,REF023,0.245,shortlist,,20260918T0135-7dd1a33,discover-1
c0064,117,108,70,43,0.6143,access_connectivity,0.8402,0.0,0.4274,PROJECT STATUS AND RATIONALE FOR RESTRUCTURING,0.3575,0.3164,0.7457,REF027,0.3438,shortlist,,20260918T0135-7dd1a33,discover-1
c0095,117,114,53,41,0.5857,drm_ews,0.9123,0.0,0.4103,Implementation Arrangements and Support Plan,0.292,0.2936,0.8045,REF027,0.2651,shortlist,,20260918T0135-7dd1a33,discover-1
c0334,117,107,59,56,0.8,,0.0,0.0342,0.9744,Implementation Arrangements and Support Plan,0.3194,0.2596,0.7903,REF085,0.3266,junk,junk_section_share>=0.6,20260918T0135-7dd1a33,discover-1
c0239,116,100,39,29,0.4143,dpi,0.8775,0.0431,0.4483,PROJECT STATUS AND RATIONALE FOR RESTRUCTURING,0.1957,0.2845,0.7326,REF027,0.2611,shortlist,,20260918T0135-7dd1a33,discover-1
c0147,115,102,70,54,0.7714,dpi,0.9602,0.3478,0.1826,Project Components,0.3676,0.3118,0.7667,REF053,0.4086,shortlist,,20260918T0135-7dd1a33,discover-1
c0203,115,89,42,36,0.5143,dpi,0.6356,0.0,0.3739,Project Components,0.19,0.3568,0.6605,REF010,0.5575,shortlist,,20260918T0135-7dd1a33,discover-1
c0247,115,105,61,57,0.8143,,0.0,0.0522,1.0,Implementation Arrangements and Support Plan,0.3493,0.3389,0.8361,REF045,0.4089,junk,junk_section_share>=0.6,20260918T0135-7dd1a33,discover-1
c0333,115,106,52,42,0.6,mobile_towers,0.8871,0.0,0.1826,Project Development Objective,0.2491,0.1844,0.6994,REF011,0.2966,shortlist,,20260918T0135-7dd1a33,discover-1
c0379,115,104,38,29,0.4143,dpi,0.8337,0.0087,0.1217,Project Components,0.1945,0.2724,0.7475,REF067,0.5833,shortlist,,20260918T0135-7dd1a33,discover-1
c0211,111,105,57,48,0.6857,dpi,0.8836,0.0,0.6126,Implementation Arrangements and Support Plan,0.2591,0.3143,0.6637,REF036,0.299,junk,junk_section_share>=0.6,20260918T0135-7dd1a33,discover-1
c0357,111,68,22,16,0.2286,access_connectivity,0.8541,0.0,0.0541,Country Context,0.0851,0.34,0.5646,REF025,0.2565,shortlist,,20260918T0135-7dd1a33,discover-1
c0171,110,103,51,50,0.7143,access_connectivity,0.6639,0.5636,0.1909,"Technical, Economic and Financial Analysis",0.2566,0.3234,0.7345,REF085,0.3462,shortlist,,20260918T0135-7dd1a33,discover-1
c0235,110,104,68,46,0.6571,access_connectivity,0.7108,0.2182,0.5727,Sustainability,0.3245,0.3964,0.6967,REF085,0.3203,shortlist,,20260918T0135-7dd1a33,discover-1
c0115,109,104,48,42,0.6,access_connectivity,0.7091,0.0,0.1284,Project Components,0.216,0.3253,0.6572,REF045,0.3952,shortlist,,20260918T0135-7dd1a33,discover-1
c0285,109,99,45,37,0.5286,data_hosting,0.7394,0.0,0.0459,Project Components,0.2096,0.3816,0.6801,REF036,0.5497,shortlist,,20260918T0135-7dd1a33,discover-1
c0327,109,95,46,47,0.6714,access_connectivity,0.7897,0.2018,0.9541,Implementation Arrangements and Support Plan,0.2251,0.2466,0.7143,REF085,0.4514,junk,junk_section_share>=0.6,20260918T0135-7dd1a33,discover-1
c0165,108,107,59,50,0.7143,access_connectivity,0.7746,0.0,0.3519,Project Components,0.2322,0.3923,0.5747,REF023,0.2136,shortlist,,20260918T0135-7dd1a33,discover-1
c0246,107,93,49,46,0.6571,access_connectivity,0.0,0.0187,0.9813,Implementation Arrangements and Support Plan,0.2644,0.3514,0.7877,REF045,0.4928,junk,junk_section_share>=0.6,20260918T0135-7dd1a33,discover-1
c0365,107,104,61,44,0.6286,access_connectivity,0.3501,0.0654,0.1963,Project Development Objective,0.3182,0.2536,0.7617,REF046,0.5578,shortlist,,20260918T0135-7dd1a33,discover-1
c0370,107,106,46,43,0.6143,access_connectivity,0.8049,0.0,0.1963,Project Components,0.2249,0.4805,0.7138,REF029,0.5003,shortlist,,20260918T0135-7dd1a33,discover-1
c0094,106,106,50,45,0.6429,access_connectivity,0.823,0.0,0.4811,Fiduciary,0.2721,0.2915,0.7945,REF045,0.288,shortlist,,20260918T0135-7dd1a33,discover-1
c0099,106,99,57,53,0.7571,access_connectivity,0.5568,0.0,0.6698,Lessons Learned and Reflected in the Project Design,0.272,0.2826,0.6966,REF059,0.3277,junk,junk_section_share>=0.6,20260918T0135-7dd1a33,discover-1
c0111,106,98,41,39,0.5571,access_connectivity,0.8072,0.0,0.8774,Implementation Arrangements and Support Plan,0.2023,0.3133,0.7206,REF045,0.3398,junk,junk_section_share>=0.6,20260918T0135-7dd1a33,discover-1
c0300,105,90,49,47,0.6714,dpi,0.0,0.019,0.9714,Implementation Arrangements and Support Plan,0.27,0.2264,0.8045,REF045,0.4558,junk,junk_section_share>=0.6,20260918T0135-7dd1a33,discover-1
c0316,105,93,55,51,0.7286,dpi,1.0,0.0667,0.981,Implementation Arrangements and Support Plan,0.2866,0.2656,0.7609,REF005,0.3913,junk,junk_section_share>=0.6,20260918T0135-7dd1a33,discover-1
c0037,104,103,50,51,0.7286,access_connectivity,0.7373,0.0,0.5192,Implementation Arrangements and Support Plan,0.2744,0.34,0.8012,REF030,0.2621,shortlist,,20260918T0135-7dd1a33,discover-1
c0221,104,98,53,45,0.6429,access_connectivity,0.8822,0.0192,0.5481,KEY RISKS,0.2425,0.3243,0.6681,REF045,0.3541,shortlist,,20260918T0135-7dd1a33,discover-1
c0279,104,79,28,22,0.3143,dpi,0.5365,0.0288,0.4808,Lessons Learned and Reflected in the Project Design,0.1361,0.2953,0.7098,REF005,0.5508,shortlist,,20260918T0135-7dd1a33,discover-1
c0103,103,102,55,50,0.7143,dpi,0.6976,0.0,0.2039,Project Components,0.2667,0.3708,0.708,REF036,0.3615,shortlist,,20260918T0135-7dd1a33,discover-1
c0035,102,94,67,58,0.8286,access_connectivity,0.5374,0.0,0.1176,Results Chain,0.3442,0.2733,0.7502,REF030,0.352,shortlist,,20260918T0135-7dd1a33,discover-1
c0411,102,99,43,40,0.5714,access_connectivity,0.7086,0.0,0.1275,Project Components,0.1938,0.3489,0.6579,REF076,0.5078,shortlist,,20260918T0135-7dd1a33,discover-1
c0140,101,98,55,48,0.6857,access_connectivity,0.8712,0.0,0.198,Sectoral and Institutional Context,0.2109,0.4478,0.5599,REF030,0.2935,shortlist,,20260918T0135-7dd1a33,discover-1
c0141,101,98,53,50,0.7143,dpi,0.8086,0.0,0.2079,Sectoral and Institutional Context,0.2301,0.4212,0.6338,REF003,0.2902,shortlist,,20260918T0135-7dd1a33,discover-1
c0170,101,58,17,13,0.1857,dpi,0.6742,0.0297,0.1881,Project Components,0.0761,0.3185,0.6535,REF089,0.464,shortlist,,20260918T0135-7dd1a33,discover-1
c0188,101,71,35,33,0.4714,cybersecurity,0.9131,0.0,0.4356,Environmental and Social,0.1621,0.3281,0.676,REF031,0.3706,shortlist,,20260918T0135-7dd1a33,discover-1
c0244,100,87,59,55,0.7857,dpi,1.0,0.01,0.99,Fiduciary,0.309,0.2794,0.7647,REF045,0.4631,junk,junk_section_share>=0.6,20260918T0135-7dd1a33,discover-1
c0412,100,72,28,20,0.2857,submarine_cable,0.8406,0.01,0.14,Sectoral and Institutional Context,0.1282,0.3587,0.6686,REF033,0.6098,shortlist,,20260918T0135-7dd1a33,discover-1
c0066,99,92,41,37,0.5286,access_connectivity,0.7299,0.0,0.5758,Implementation Arrangements and Support Plan,0.1703,0.3871,0.6066,REF023,0.3581,shortlist,,20260918T0135-7dd1a33,discover-1
c0209,99,76,45,41,0.5857,data_hosting,0.7351,0.101,0.0808,Project Components,0.2181,0.3348,0.7075,REF083,0.6599,shortlist,,20260918T0135-7dd1a33,discover-1
c0135,98,94,70,50,0.7143,access_connectivity,0.6552,0.1224,0.1837,Project Components,0.3582,0.2998,0.747,REF079,0.3437,shortlist,,20260918T0135-7dd1a33,discover-1
c0154,98,92,46,43,0.6143,cybersecurity,0.6473,0.0,0.0816,Project Components,0.2414,0.2987,0.7662,REF001,0.5365,shortlist,,20260918T0135-7dd1a33,discover-1
c0234,98,61,16,16,0.2286,access_connectivity,0.5856,0.0,0.2551,Relevance to Higher Level Objectives,0.0729,0.3998,0.6656,REF087,0.5476,shortlist,,20260918T0135-7dd1a33,discover-1
c0392,97,69,31,29,0.4143,dpi,0.7949,0.0,0.0206,Relevance to Higher Level Objectives,0.1574,0.2068,0.7411,REF056,0.4763,shortlist,,20260918T0135-7dd1a33,discover-1
c0413,97,82,40,39,0.5571,access_connectivity,0.7961,0.0,0.1546,Project Components,0.1847,0.3743,0.6743,REF037,0.6747,shortlist,,20260918T0135-7dd1a33,discover-1
c0181,96,89,48,48,0.6857,access_connectivity,0.3013,0.1667,0.0625,Relevance to Higher Level Objectives,0.2477,0.3026,0.7534,REF085,0.467,shortlist,,20260918T0135-7dd1a33,discover-1
c0315,96,89,44,36,0.5143,access_connectivity,0.0,0.0,0.8021,Implementation Arrangements and Support Plan,0.2252,0.3393,0.7472,REF005,0.3936,junk,junk_section_share>=0.6,20260918T0135-7dd1a33,discover-1
c0262,94,91,52,44,0.6286,dpi,0.9212,0.0213,0.7021,Implementation Arrangements and Support Plan,0.2838,0.3484,0.7968,REF005,0.3496,junk,junk_section_share>=0.6,20260918T0135-7dd1a33,discover-1
c0314,94,78,23,23,0.3286,dpi,0.6846,0.0,0.2234,Sectoral and Institutional Context,0.0952,0.2999,0.6045,REF084,0.3751,shortlist,,20260918T0135-7dd1a33,discover-1
c0330,94,90,47,40,0.5714,access_connectivity,0.7915,0.0,0.1702,Sectoral and Institutional Context,0.2195,0.2285,0.6817,REF011,0.3054,shortlist,,20260918T0135-7dd1a33,discover-1
c0003,93,34,31,34,0.4857,,0.0,0.0,0.0,GRIEVANCE REDRESS SERVICES,0.1773,0.2943,0.835,REF030,0.3595,shortlist,,20260918T0135-7dd1a33,discover-1
c0056,93,90,50,44,0.6286,access_connectivity,0.7983,0.0,0.6882,Implementation Arrangements and Support Plan,0.2599,0.3514,0.7588,REF048,0.2715,junk,junk_section_share>=0.6,20260918T0135-7dd1a33,discover-1
c0153,92,55,33,25,0.3571,dpi,0.6,0.1087,0.837,Institutional and Implementation Arrangements,0.1615,0.3011,0.7145,REF079,0.4071,junk,junk_section_share>=0.6,20260918T0135-7dd1a33,discover-1
c0168,92,80,44,42,0.6,cybersecurity,0.8103,0.0217,0.1957,Project Components,0.1942,0.3699,0.6443,REF016,0.499,shortlist,,20260918T0135-7dd1a33,discover-1
c0289,92,82,41,38,0.5429,dpi,0.7816,0.0,0.2609,Project Components,0.189,0.3658,0.6729,REF011,0.5303,shortlist,,20260918T0135-7dd1a33,discover-1
c0329,92,58,35,37,0.5286,access_connectivity,0.7921,0.0,0.0109,Sectoral and Institutional Context,0.1608,0.169,0.6707,REF011,0.3144,shortlist,,20260918T0135-7dd1a33,discover-1
c0011,91,89,55,46,0.6571,dpi,0.822,0.0,0.4176,Sectoral and Institutional Context,0.3767,0.2384,1.0,REF053,0.2022,shortlist,,20260918T0135-7dd1a33,discover-1
c0363,91,76,24,23,0.3286,drm_ews,0.7568,0.0,0.0769,Project Components,0.1126,0.42,0.6847,REF054,0.4989,shortlist,,20260918T0135-7dd1a33,discover-1
c0021,90,90,83,59,0.8429,,0.0,0.0,0.0,GRIEVANCE REDRESS SERVICES,0.4341,0.2212,0.7637,REF030,0.2973,shortlist,,20260918T0135-7dd1a33,discover-1
c0016,89,65,64,61,0.8714,,0.0,0.0,0.0112,GRIEVANCE REDRESS SERVICES,0.3854,0.309,0.8791,REF031,0.3519,shortlist,,20260918T0135-7dd1a33,discover-1
c0077,89,84,43,43,0.6143,access_connectivity,0.9439,0.0,0.764,KEY RISKS,0.2206,0.4448,0.749,REF030,0.3882,junk,junk_section_share>=0.6,20260918T0135-7dd1a33,discover-1
c0109,89,60,29,26,0.3714,dpi,0.4754,0.0,0.0337,Sectoral and Institutional Context,0.1188,0.3238,0.5979,REF008,0.4416,shortlist,,20260918T0135-7dd1a33,discover-1
c0186,89,57,21,20,0.2857,dpi,0.7461,0.0,0.0562,Sectoral and Institutional Context,0.0922,0.2458,0.641,REF003,0.5691,shortlist,,20260918T0135-7dd1a33,discover-1
c0264,89,75,44,41,0.5857,dpi,1.0,0.0787,0.6067,Institutional and Implementation Arrangements,0.2273,0.3191,0.7541,REF053,0.3936,junk,junk_section_share>=0.6,20260918T0135-7dd1a33,discover-1
c0215,88,86,37,34,0.4857,access_connectivity,0.7764,0.0227,0.2386,RESULTS FRAMEWORK AND MONITORING,0.2095,0.3228,0.8269,REF036,0.4724,shortlist,,20260918T0135-7dd1a33,discover-1
c0294,88,69,43,39,0.5571,dpi,0.7302,0.0227,0.8182,Institutional and Implementation Arrangements,0.1965,0.2821,0.6673,REF030,0.3861,junk,junk_section_share>=0.6,20260918T0135-7dd1a33,discover-1
c0299,88,65,31,25,0.3571,drm_ews,0.7123,0.0341,0.4545,Environmental and Social,0.1546,0.3956,0.7283,REF011,0.4497,shortlist,,20260918T0135-7dd1a33,discover-1
c0127,87,66,12,13,0.1857,dpi,0.7654,0.046,0.1264,Sectoral and Institutional Context,0.0555,0.3216,0.6757,REF084,0.5192,shortlist,,20260918T0135-7dd1a33,discover-1
c0189,87,69,37,34,0.4857,drm_ews,0.8187,0.0115,0.0345,Sectoral and Institutional Context,0.1838,0.354,0.7254,REF054,0.6183,shortlist,,20260918T0135-7dd1a33,discover-1
c0391,87,75,41,31,0.4429,access_connectivity,0.596,0.046,0.4598,Project Development Objective,0.2098,0.23,0.7473,REF087,0.4617,shortlist,,20260918T0135-7dd1a33,discover-1
c0142,86,84,49,41,0.5857,access_connectivity,0.7293,0.0,0.2093,Project Components,0.2168,0.3723,0.646,REF030,0.3631,shortlist,,20260918T0135-7dd1a33,discover-1
c0217,86,86,39,35,0.5,dpi,0.8696,0.1395,0.093,Project Components,0.2163,0.2711,0.8097,REF006,0.3516,shortlist,,20260918T0135-7dd1a33,discover-1
c0040,85,85,33,27,0.3857,access_connectivity,0.7685,0.0118,0.2941,DETAILED CHANGE(S),0.1717,0.2883,0.7595,REF036,0.3352,shortlist,,20260918T0135-7dd1a33,discover-1
c0069,85,71,57,51,0.7286,access_connectivity,0.865,0.0471,0.9529,KEY RISKS,0.3173,0.405,0.8128,REF085,0.4291,junk,junk_section_share>=0.6,20260918T0135-7dd1a33,discover-1
c0149,85,84,46,45,0.6429,access_connectivity,0.8145,0.0,0.1647,Sectoral and Institutional Context,0.2189,0.357,0.6949,REF027,0.2883,shortlist,,20260918T0135-7dd1a33,discover-1
c0339,84,71,47,44,0.6286,cybersecurity,0.0,0.2738,1.0,Implementation Arrangements and Support Plan,0.2585,0.2256,0.8031,REF045,0.4706,junk,junk_section_share>=0.6,20260918T0135-7dd1a33,discover-1
c0093,83,79,46,36,0.5143,access_connectivity,0.8392,0.0,0.5422,Results Monitoring and Evaluation Arrangements,0.2307,0.2945,0.7321,REF030,0.2619,shortlist,,20260918T0135-7dd1a33,discover-1
c0116,83,81,44,43,0.6143,dpi,0.7482,0.0,0.1928,Project Components,0.2265,0.346,0.7515,REF030,0.4218,shortlist,,20260918T0135-7dd1a33,discover-1
c0195,83,79,45,45,0.6429,access_connectivity,0.8228,0.0,0.1807,Project Components,0.218,0.285,0.7071,REF006,0.3272,shortlist,,20260918T0135-7dd1a33,discover-1
c0257,83,71,47,42,0.6,access_connectivity,0.6696,0.0964,0.5301,DETAILED CHANGE(S),0.2348,0.3893,0.7295,REF030,0.3994,shortlist,,20260918T0135-7dd1a33,discover-1
c0272,83,78,40,40,0.5714,drm_ews,0.6707,0.0,0.0361,Project Components,0.1912,0.6102,0.6977,REF016,0.6554,shortlist,,20260918T0135-7dd1a33,discover-1
c0280,83,69,48,43,0.6143,access_connectivity,0.0,0.2169,0.9639,Implementation Arrangements and Support Plan,0.2532,0.2394,0.7702,REF031,0.3469,junk,junk_section_share>=0.6,20260918T0135-7dd1a33,discover-1
c0381,83,81,40,39,0.5571,access_connectivity,0.5977,0.0,0.1446,"Technical, Economic and Financial Analysis",0.2021,0.2683,0.7375,REF061,0.6275,shortlist,,20260918T0135-7dd1a33,discover-1
c0028,82,82,7,7,0.1,access_connectivity,0.76,0.0,0.0122,Detailed Project Description,0.0432,0.2562,0.9001,REF086,0.2683,shortlist,,20260918T0135-7dd1a33,discover-1
c0146,82,79,44,46,0.6571,access_connectivity,0.7983,0.0122,0.1951,Project Components,0.1857,0.3994,0.6163,REF030,0.3761,shortlist,,20260918T0135-7dd1a33,discover-1
c0205,82,69,48,45,0.6429,access_connectivity,0.8669,0.0122,0.3415,Environmental and Social,0.2327,0.2927,0.7078,REF045,0.3933,shortlist,,20260918T0135-7dd1a33,discover-1
c0269,82,51,20,22,0.3143,data_hosting,0.5991,0.061,0.0732,Project Components,0.0973,0.4103,0.7104,REF036,0.6437,shortlist,,20260918T0135-7dd1a33,discover-1
c0286,82,72,34,31,0.4429,access_connectivity,0.0,0.1707,0.9756,Implementation Arrangements and Support Plan,0.1759,0.2477,0.7555,REF085,0.3607,junk,junk_section_share>=0.6,20260918T0135-7dd1a33,discover-1
c0250,81,77,41,41,0.5857,access_connectivity,0.7788,0.5556,0.037,Relevance to Higher Level Objectives,0.208,0.3079,0.7408,REF005,0.3744,shortlist,,20260918T0135-7dd1a33,discover-1
c0317,81,63,41,38,0.5429,,0.0,0.1975,0.9753,Implementation Arrangements and Support Plan,0.2018,0.2659,0.7186,REF005,0.442,junk,junk_section_share>=0.6,20260918T0135-7dd1a33,discover-1
c0138,80,80,44,42,0.6,dpi,0.7852,0.0,0.1125,Project Components,0.2727,0.2832,0.9049,REF030,0.3372,shortlist,,20260918T0135-7dd1a33,discover-1
c0197,80,79,48,39,0.5571,dpi,0.809,0.1875,0.1625,Project Components,0.2394,0.3024,0.7283,REF046,0.4475,shortlist,,20260918T0135-7dd1a33,discover-1
c0219,80,77,41,34,0.4857,access_connectivity,0.9697,0.0,0.7875,Fiduciary,0.2157,0.2883,0.768,REF062,0.2694,junk,junk_section_share>=0.6,20260918T0135-7dd1a33,discover-1
c0073,79,66,51,51,0.7286,dpi,0.0,0.0127,0.9367,KEY RISKS,0.2858,0.3342,0.8183,REF030,0.4067,junk,junk_section_share>=0.6,20260918T0135-7dd1a33,discover-1
c0108,79,75,46,44,0.6286,dpi,0.7494,0.0,0.1266,Project Components,0.2213,0.4349,0.7023,REF069,0.4376,shortlist,,20260918T0135-7dd1a33,discover-1
c0159,79,79,42,38,0.5429,dpi,0.9113,0.0,0.3544,Project Components,0.2066,0.3315,0.7183,REF061,0.2654,shortlist,,20260918T0135-7dd1a33,discover-1
c0225,79,72,48,45,0.6429,dpi,0.7219,0.0,0.1646,Project Components,0.2238,0.353,0.6808,REF062,0.5788,shortlist,,20260918T0135-7dd1a33,discover-1
c0407,79,70,33,30,0.4286,access_connectivity,0.4663,0.2532,0.1139,Project Components,0.1575,0.2938,0.6968,REF045,0.544,shortlist,,20260918T0135-7dd1a33,discover-1
c0122,78,73,52,44,0.6286,access_connectivity,0.8707,0.0,0.2308,Sectoral and Institutional Context,0.2298,0.4449,0.6452,REF086,0.3199,shortlist,,20260918T0135-7dd1a33,discover-1
c0202,78,59,39,32,0.4571,access_connectivity,0.9183,0.3718,0.2949,Environmental and Social,0.1944,0.2816,0.7278,REF021,0.446,shortlist,,20260918T0135-7dd1a33,discover-1
c0335,78,73,53,48,0.6857,,0.0,0.359,1.0,Implementation Arrangements and Support Plan,0.3037,0.1843,0.8367,REF085,0.3001,junk,junk_section_share>=0.6,20260918T0135-7dd1a33,discover-1
c0376,78,56,31,27,0.3857,access_connectivity,0.4647,0.0,0.0897,Project Components,0.1503,0.3125,0.7081,REF043,0.6056,shortlist,,20260918T0135-7dd1a33,discover-1
c0002,77,77,41,39,0.5571,access_connectivity,0.8442,0.0,0.1558,Project Components,0.2689,0.1788,0.9575,REF027,0.1673,shortlist,,20260918T0135-7dd1a33,discover-1
c0204,77,74,46,38,0.5429,dpi,0.9025,0.013,0.3636,Project Components,0.2263,0.3538,0.7182,REF030,0.4012,shortlist,,20260918T0135-7dd1a33,discover-1
c0367,77,59,40,39,0.5571,dpi,0.907,0.0,0.039,Sectoral and Institutional Context,0.1829,0.2647,0.6677,REF089,0.2783,shortlist,,20260918T0135-7dd1a33,discover-1
c0008,76,76,63,59,0.8429,drm_ews,0.9155,0.0,0.0658,GRIEVANCE REDRESS SERVICES,0.4082,0.232,0.946,REF065,0.2493,shortlist,,20260918T0135-7dd1a33,discover-1
c0039,76,73,33,26,0.3714,dpi,1.0,0.0,0.0789,DETAILED CHANGE(S),0.1574,0.2761,0.6964,REF005,0.3292,shortlist,,20260918T0135-7dd1a33,discover-1
c0401,76,43,27,25,0.3571,mobile_towers,0.8252,0.0132,0.0132,Sectoral and Institutional Context,0.1184,0.2086,0.64,REF043,0.4979,shortlist,,20260918T0135-7dd1a33,discover-1
c0043,75,74,42,40,0.5714,access_connectivity,0.9098,0.0,0.4267,Project Components,0.2187,0.3357,0.7601,REF018,0.4213,shortlist,,20260918T0135-7dd1a33,discover-1
c0067,75,73,39,36,0.5143,dpi,0.794,0.0,0.1867,Project Components,0.1779,0.357,0.666,REF052,0.4237,shortlist,,20260918T0135-7dd1a33,discover-1
c0092,75,74,46,35,0.5,access_connectivity,0.8674,0.0,0.3333,Implementation Arrangements and Support Plan,0.2355,0.3505,0.7476,REF027,0.2408,shortlist,,20260918T0135-7dd1a33,discover-1
c0155,75,70,47,46,0.6571,access_connectivity,0.9064,0.0,0.3333,Implementation Arrangements and Support Plan,0.1975,0.338,0.6136,REF023,0.2461,shortlist,,20260918T0135-7dd1a33,discover-1
c0033,74,64,10,8,0.1143,cybersecurity,0.8962,0.0,0.0946,DETAILED CHANGE(S),0.056,0.2447,0.8177,REF030,0.3018,shortlist,,20260918T0135-7dd1a33,discover-1
c0106,73,47,17,12,0.1714,dpi,0.2451,0.0274,0.0959,Detailed Project Description,0.0712,0.2698,0.6119,REF005,0.3787,shortlist,,20260918T0135-7dd1a33,discover-1
c0192,73,73,45,42,0.6,access_connectivity,0.865,0.274,0.9589,Implementation Arrangements and Support Plan,0.2414,0.2845,0.7831,REF009,0.4363,junk,junk_section_share>=0.6,20260918T0135-7dd1a33,discover-1
c0222,73,51,29,28,0.4,cybersecurity,0.5642,0.0,0.1644,Project Components,0.1385,0.3044,0.6975,REF063,0.5147,shortlist,,20260918T0135-7dd1a33,discover-1
c0256,73,62,35,34,0.4857,dpi,0.8991,0.0,0.0411,Country Context,0.1464,0.2526,0.6109,REF005,0.2298,shortlist,,20260918T0135-7dd1a33,discover-1
c0006,72,72,40,34,0.4857,access_connectivity,0.8776,0.0,0.2917,Project Components,0.2578,0.232,0.9409,REF057,0.1475,shortlist,,20260918T0135-7dd1a33,discover-1
c0030,72,72,23,23,0.3286,dpi,0.8428,0.0,0.3194,Timelines and Additional Details of Project Activities,0.1473,0.1836,0.9348,REF069,0.1434,shortlist,,20260918T0135-7dd1a33,discover-1
c0065,72,72,45,34,0.4857,dpi,0.7192,0.0,0.1528,Project Components,0.2643,0.3418,0.8577,REF005,0.3058,shortlist,,20260918T0135-7dd1a33,discover-1
c0295,72,47,31,23,0.3286,drm_ews,0.6976,0.0139,0.0694,World Bank Group Response to COVID-19 in Ethiopia,0.1529,0.3041,0.7201,REF005,0.4735,shortlist,,20260918T0135-7dd1a33,discover-1
c0012,71,70,26,24,0.3429,dpi,0.8561,0.0,0.2254,Project Components,0.1546,0.2059,0.8682,REF023,0.1698,shortlist,,20260918T0135-7dd1a33,discover-1
c0110,71,69,31,28,0.4,access_connectivity,0.8247,0.0,0.7042,Implementation Arrangements and Support Plan,0.1657,0.2991,0.7804,REF079,0.2977,junk,junk_section_share>=0.6,20260918T0135-7dd1a33,discover-1
c0311,71,66,40,41,0.5857,drm_ews,0.4758,0.5211,0.169,Relevance to Higher Level Objectives,0.2097,0.4772,0.7653,REF085,0.5491,shortlist,,20260918T0135-7dd1a33,discover-1
c0098,70,67,41,39,0.5571,access_connectivity,0.7883,0.0,0.1857,Sectoral and Institutional Context,0.1776,0.3999,0.6324,REF038,0.2757,shortlist,,20260918T0135-7dd1a33,discover-1
c0353,70,61,18,13,0.1857,dpi,0.3106,0.0,0.1429,Sectoral and Institutional Context,0.0854,0.2462,0.6931,REF068,0.6531,shortlist,,20260918T0135-7dd1a33,discover-1
c0091,68,59,49,38,0.5429,dpi,1.0,0.1324,0.6471,Implementation Arrangements and Support Plan,0.2395,0.2999,0.7136,REF030,0.3768,junk,junk_section_share>=0.6,20260918T0135-7dd1a33,discover-1
c0307,68,64,29,25,0.3571,access_connectivity,0.9397,0.0,0.6912,Implementation Arrangements and Support Plan,0.1298,0.3454,0.6534,REF049,0.3221,junk,junk_section_share>=0.6,20260918T0135-7dd1a33,discover-1
c0378,68,57,33,32,0.4571,cybersecurity,0.8163,0.0294,0.1029,Project Components,0.1778,0.2302,0.7868,REF086,0.4697,shortlist,,20260918T0135-7dd1a33,discover-1
c0010,67,66,37,30,0.4286,dpi,0.8993,0.0,0.3433,Project Components,0.253,0.221,0.9982,REF057,0.1455,shortlist,,20260918T0135-7dd1a33,discover-1
c0105,67,44,18,16,0.2286,dpi,0.5883,0.0149,0.0149,Economic and Financial Analysis,0.0829,0.2604,0.6725,REF005,0.3306,shortlist,,20260918T0135-7dd1a33,discover-1
c0351,67,63,38,38,0.5429,access_connectivity,0.7651,0.0,0.0597,Sectoral and Institutional Context,0.1806,0.3738,0.6939,REF037,0.4059,shortlist,,20260918T0135-7dd1a33,discover-1
c0374,67,51,32,30,0.4286,mobile_towers,0.7977,0.0,0.0,Sectoral and Institutional Context,0.1499,0.1695,0.6838,REF087,0.3991,shortlist,,20260918T0135-7dd1a33,discover-1
c0395,67,66,40,36,0.5143,access_connectivity,0.4484,0.0,0.209,Relevance to Higher Level Objectives,0.2086,0.2965,0.7614,REF046,0.5916,shortlist,,20260918T0135-7dd1a33,discover-1
c0017,66,50,47,44,0.6286,cybersecurity,0.865,0.0,0.0152,GRIEVANCE REDRESS SERVICES,0.3124,0.2211,0.9704,REF041,0.2012,shortlist,,20260918T0135-7dd1a33,discover-1
c0023,66,66,61,52,0.7429,access_connectivity,0.0,0.0,0.1364,GRIEVANCE REDRESS SERVICES,0.3838,0.3618,0.9187,REF030,0.3606,shortlist,,20260918T0135-7dd1a33,discover-1
c0025,66,64,63,60,0.8571,,0.0,0.0,0.0,GRIEVANCE REDRESS SERVICES,0.4184,0.2013,0.9697,REF031,0.2796,shortlist,,20260918T0135-7dd1a33,discover-1
c0242,66,62,44,28,0.4,dpi,0.8783,0.3485,0.5303,PROJECT STATUS AND RATIONALE FOR RESTRUCTURING,0.2345,0.3246,0.7781,REF030,0.3132,shortlist,,20260918T0135-7dd1a33,discover-1
c0328,66,60,36,36,0.5143,,0.0,0.0909,0.9545,Implementation Arrangements and Support Plan,0.1758,0.2563,0.713,REF085,0.4002,junk,junk_section_share>=0.6,20260918T0135-7dd1a33,discover-1
c0345,66,60,33,31,0.4429,dpi,1.0,0.0,0.9697,Implementation Arrangements and Support Plan,0.1747,0.2039,0.7728,REF045,0.4738,junk,junk_section_share>=0.6,20260918T0135-7dd1a33,discover-1
c0058,65,64,38,31,0.4429,cybersecurity,0.8037,0.4154,0.2462,Project Components,0.1862,0.2855,0.7152,REF036,0.4651,shortlist,,20260918T0135-7dd1a33,discover-1
c0137,65,65,38,34,0.4857,dpi,0.8574,0.0154,0.3077,Project Components,0.1741,0.3407,0.6691,REF027,0.4154,shortlist,,20260918T0135-7dd1a33,discover-1
c0230,65,62,47,41,0.5857,access_connectivity,0.8867,0.0,0.5077,Implementation Arrangements and Support Plan,0.2336,0.282,0.7256,REF027,0.2521,shortlist,,20260918T0135-7dd1a33,discover-1
c0273,65,65,36,35,0.5,dpi,0.7558,0.0,0.3231,Project Components,0.16,0.3557,0.6489,REF053,0.381,shortlist,,20260918T0135-7dd1a33,discover-1
c0038,64,62,39,34,0.4857,dpi,0.8164,0.0,0.3438,Project Components,0.2087,0.2808,0.7813,REF068,0.3351,shortlist,,20260918T0135-7dd1a33,discover-1
c0086,64,62,40,41,0.5857,dpi,0.7407,0.0,0.3438,Lessons Learned and Reflected in the Project Design,0.178,0.3536,0.6496,REF046,0.3454,shortlist,,20260918T0135-7dd1a33,discover-1
c0358,64,51,34,33,0.4714,submarine_cable,0.8511,0.0,0.0156,Country Context,0.1403,0.3051,0.6023,REF056,0.2731,shortlist,,20260918T0135-7dd1a33,discover-1
c0366,64,64,41,41,0.5857,access_connectivity,0.5062,0.0625,0.0938,Sustainability,0.2195,0.3068,0.7817,REF046,0.5775,shortlist,,20260918T0135-7dd1a33,discover-1
c0112,63,53,27,27,0.3857,access_connectivity,0.4577,0.0,0.3016,Project Components,0.1196,0.3397,0.6469,REF023,0.3468,shortlist,,20260918T0135-7dd1a33,discover-1
c0129,63,52,45,43,0.6143,dpi,0.9602,0.0,0.9206,KEY RISKS,0.2518,0.3882,0.8169,REF030,0.3584,junk,junk_section_share>=0.6,20260918T0135-7dd1a33,discover-1
c0014,62,62,61,39,0.5571,access_connectivity,0.0,0.0,0.0,DETAILED CHANGE(S),0.4077,0.2017,0.9757,REF030,0.2989,shortlist,,20260918T0135-7dd1a33,discover-1
c0015,62,62,62,59,0.8429,,0.0,0.0,0.0,GRIEVANCE REDRESS SERVICES,0.4116,0.2318,0.9692,REF009,0.2778,shortlist,,20260918T0135-7dd1a33,discover-1
c0386,62,60,16,17,0.2429,dpi,0.7294,0.0,0.0645,Project Components,0.0844,0.2735,0.7703,REF084,0.6095,shortlist,,20260918T0135-7dd1a33,discover-1
c0022,61,61,61,58,0.8286,,0.0,0.0,0.0,GRIEVANCE REDRESS SERVICES,0.3725,0.2625,0.8915,REF031,0.2249,shortlist,,20260918T0135-7dd1a33,discover-1
c0045,61,60,41,34,0.4857,cybersecurity,0.953,0.0,0.4098,Project Components,0.2165,0.3652,0.7708,REF042,0.329,shortlist,,20260918T0135-7dd1a33,discover-1
c0078,61,59,49,42,0.6,access_connectivity,0.7248,0.0492,0.8689,KEY RISKS,0.2852,0.3933,0.8499,REF030,0.3789,junk,junk_section_share>=0.6,20260918T0135-7dd1a33,discover-1
c0107,61,52,31,29,0.4143,dpi,0.7729,0.0,0.4262,DESCRIPTION OF PROPOSED CHANGES,0.1425,0.3585,0.6711,REF030,0.3246,shortlist,,20260918T0135-7dd1a33,discover-1
c0157,61,55,46,38,0.5429,dpi,0.7755,0.0328,0.2951,Environmental and Social,0.2748,0.1942,0.872,REF021,0.471,shortlist,,20260918T0135-7dd1a33,discover-1
c0331,61,54,36,34,0.4857,,0.0,0.3279,0.9344,Implementation Arrangements and Support Plan,0.1939,0.2452,0.7865,REF009,0.3784,junk,junk_section_share>=0.6,20260918T0135-7dd1a33,discover-1
c0368,61,46,37,36,0.5143,dpi,0.926,0.0,0.0,Country Context,0.1845,0.2255,0.728,REF005,0.3198,shortlist,,20260918T0135-7dd1a33,discover-1
c0385,61,48,34,29,0.4143,dpi,0.7764,0.0,0.1639,Sectoral and Institutional Context,0.1661,0.2127,0.7133,REF046,0.4924,shortlist,,20260918T0135-7dd1a33,discover-1
c0000,60,60,60,58,0.8286,,0.0,0.0,0.0,GRIEVANCE REDRESS SERVICES,0.4108,0.3688,0.9996,REF030,0.2856,shortlist,,20260918T0135-7dd1a33,discover-1
c0080,60,55,40,34,0.4857,access_connectivity,0.4981,0.2333,0.6833,Environmental and Social,0.2171,0.4085,0.7925,REF030,0.3958,junk,junk_section_share>=0.6,20260918T0135-7dd1a33,discover-1
c0136,60,59,40,34,0.4857,access_connectivity,0.9066,0.0,0.4333,Sectoral and Institutional Context,0.2005,0.3866,0.7316,REF048,0.3272,shortlist,,20260918T0135-7dd1a33,discover-1
c0298,60,54,34,32,0.4571,,0.0,0.0167,1.0,KEY RISKS,0.1784,0.2674,0.7662,REF085,0.3108,junk,junk_section_share>=0.6,20260918T0135-7dd1a33,discover-1
c0375,60,59,21,23,0.3286,access_connectivity,0.4943,0.0,0.0333,Project Components,0.1071,0.2704,0.7449,REF046,0.5375,shortlist,,20260918T0135-7dd1a33,discover-1
c0007,59,59,39,35,0.5,drm_ews,0.8845,0.0,0.4237,Project Components,0.2671,0.2216,1.0,REF057,0.1453,shortlist,,20260918T0135-7dd1a33,discover-1
c0060,59,59,11,11,0.1571,dpi,0.971,0.0,0.2881,DETAILED CHANGE(S),0.0652,0.2269,0.8647,REF030,0.2948,shortlist,,20260918T0135-7dd1a33,discover-1
c0083,59,56,17,14,0.2,dpi,0.65,0.1695,0.1525,DETAILED CHANGE(S),0.0877,0.2175,0.7534,REF009,0.3349,shortlist,,20260918T0135-7dd1a33,discover-1
c0131,59,22,6,5,0.0714,access_connectivity,0.4912,0.0339,0.0,Estimating the Impact of the Project on Household Welfare,0.0258,0.3063,0.6273,REF030,0.3991,shortlist,,20260918T0135-7dd1a33,discover-1
c0254,59,47,32,29,0.4143,dpi,0.7061,0.0,0.0,Sectoral and Institutional Context,0.1583,0.1909,0.7221,REF064,0.3407,shortlist,,20260918T0135-7dd1a33,discover-1
c0266,59,42,22,23,0.3286,access_connectivity,0.812,0.0339,0.0169,Technical Note: Support for Climate Change Adaptation and Mitigation,0.1106,0.3747,0.7343,REF041,0.5672,shortlist,,20260918T0135-7dd1a33,discover-1
c0404,59,55,34,27,0.3857,access_connectivity,0.4848,0.3898,0.0678,Project Components,0.18,0.2446,0.7731,REF046,0.5535,shortlist,,20260918T0135-7dd1a33,discover-1
c0004,58,57,33,26,0.3714,access_connectivity,0.8681,0.0,0.3621,Project Components,0.226,0.1954,1.0,REF027,0.1645,shortlist,,20260918T0135-7dd1a33,discover-1
c0005,58,58,57,59,0.8429,access_connectivity,0.0,0.0,0.0,GRIEVANCE REDRESS SERVICES,0.3851,0.2599,0.9864,REF076,0.3867,shortlist,,20260918T0135-7dd1a33,discover-1
c0018,58,44,44,43,0.6143,,0.0,0.0,0.0,GRIEVANCE REDRESS SERVICES,0.3014,0.2191,1.0,REF041,0.198,shortlist,,20260918T0135-7dd1a33,discover-1
c0310,58,52,39,40,0.5714,drm_ews,0.5763,0.0,0.0862,"Technical, Economic and Financial Analysis",0.2116,0.6072,0.7921,REF041,0.6205,shortlist,,20260918T0135-7dd1a33,discover-1
c0320,58,52,32,30,0.4286,,0.0,0.0,0.9828,Implementation Arrangements and Support Plan,0.1636,0.2935,0.7466,REF085,0.3618,junk,junk_section_share>=0.6,20260918T0135-7dd1a33,discover-1
c0389,58,56,32,29,0.4143,dpi,0.9251,0.0,0.0862,Project Components,0.1838,0.2432,0.8386,REF067,0.4815,shortlist,,20260918T0135-7dd1a33,discover-1
c0031,57,54,34,30,0.4286,access_connectivity,0.7694,0.0,0.2807,Project Development Objective,0.1882,0.167,0.808,REF068,0.255,shortlist,,20260918T0135-7dd1a33,discover-1
c0047,57,52,33,27,0.3857,dpi,0.8173,0.2982,0.7895,Implementation Arrangements and Support Plan,0.1608,0.2881,0.7114,REF009,0.3364,junk,junk_section_share>=0.6,20260918T0135-7dd1a33,discover-1
c0090,57,41,15,15,0.2143,access_connectivity,0.4138,0.0,0.1754,Project Components,0.0741,0.2946,0.7217,REF006,0.4747,shortlist,,20260918T0135-7dd1a33,discover-1
c0156,57,54,33,32,0.4571,drm_ews,0.9464,0.0351,0.7895,Implementation Arrangements and Support Plan,0.1672,0.3362,0.7397,REF024,0.4045,junk,junk_section_share>=0.6,20260918T0135-7dd1a33,discover-1
c0167,57,56,33,35,0.5,cybersecurity,0.9631,0.0,0.2632,Project Components,0.1389,0.2635,0.6145,REF023,0.2167,shortlist,,20260918T0135-7dd1a33,discover-1
c0173,57,47,23,25,0.3571,access_connectivity,0.7612,0.0,0.0526,Economic and Financial Analysis,0.1043,0.3652,0.6618,REF085,0.322,shortlist,,20260918T0135-7dd1a33,discover-1
c0042,56,56,46,30,0.4286,access_connectivity,0.4963,0.0,0.1607,Project Components,0.296,0.2517,0.9396,REF030,0.2838,shortlist,,20260918T0135-7dd1a33,discover-1
c0049,56,53,32,25,0.3571,access_connectivity,0.6956,0.0357,0.2857,Project Components,0.158,0.3401,0.721,REF045,0.3616,shortlist,,20260918T0135-7dd1a33,discover-1
c0201,56,41,14,12,0.1714,data_hosting,0.7443,0.0714,0.1071,Project Components,0.0708,0.4826,0.7378,REF085,0.5998,shortlist,,20260918T0135-7dd1a33,discover-1
c0283,56,47,35,33,0.4714,drm_ews,1.0,0.1786,0.8036,Results Monitoring and Evaluation Arrangements,0.1934,0.2666,0.8068,REF057,0.3577,junk,junk_section_share>=0.6,20260918T0135-7dd1a33,discover-1
c0361,56,44,33,32,0.4571,mobile_towers,0.8603,0.0,0.0,Country Context,0.151,0.2437,0.6681,REF075,0.2806,shortlist,,20260918T0135-7dd1a33,discover-1
c0393,56,49,11,13,0.1857,dpi,0.8327,0.0,0.0179,Sectoral and Institutional Context,0.0545,0.2312,0.7233,REF084,0.5352,shortlist,,20260918T0135-7dd1a33,discover-1
c0009,55,54,34,27,0.3857,dpi,0.8292,0.0,0.2182,Project Components,0.2313,0.2237,0.9934,REF057,0.1455,shortlist,,20260918T0135-7dd1a33,discover-1
c0068,55,42,32,28,0.4,access_connectivity,0.4138,0.0,0.6727,Environmental and Social,0.1723,0.2658,0.786,REF009,0.3694,junk,junk_section_share>=0.6,20260918T0135-7dd1a33,discover-1
c0100,55,53,33,35,0.5,dpi,0.8731,0.0,0.1091,Project Components,0.1674,0.316,0.7408,REF017,0.2977,shortlist,,20260918T0135-7dd1a33,discover-1
c0102,55,54,32,28,0.4,cybersecurity,0.8011,0.0,0.4,KEY RISKS,0.138,0.4782,0.6296,REF030,0.3737,shortlist,,20260918T0135-7dd1a33,discover-1
c0124,55,52,41,33,0.4714,access_connectivity,0.8514,0.0,0.4545,Implementation Arrangements and Support Plan,0.2052,0.3137,0.7309,REF057,0.3208,shortlist,,20260918T0135-7dd1a33,discover-1
c0130,55,55,30,29,0.4143,dpi,0.8602,0.0,0.0909,"Detailed changes in activities and funds allocation, by component (in US$m)",0.1333,0.2938,0.6489,REF036,0.4324,shortlist,,20260918T0135-7dd1a33,discover-1
c0191,55,52,22,24,0.3429,dpi,0.7566,0.0,0.4909,KEY RISKS,0.1038,0.419,0.6886,REF084,0.4538,shortlist,,20260918T0135-7dd1a33,discover-1
c0350,55,53,47,34,0.4857,access_connectivity,0.0,0.0,0.6364,Implementation Arrangements and Support Plan,0.2473,0.2173,0.7684,REF086,0.2399,junk,junk_section_share>=0.6,20260918T0135-7dd1a33,discover-1
c0020,54,54,54,45,0.6429,dpi,0.6575,0.0,0.7407,RESULTS FRAMEWORK AND MONITORING,0.3561,0.2552,0.9628,REF027,0.3274,junk,junk_section_share>=0.6,20260918T0135-7dd1a33,discover-1
c0024,54,54,36,33,0.4714,access_connectivity,0.7158,0.0,0.037,Project Components,0.2055,0.3245,0.8336,REF030,0.3728,shortlist,,20260918T0135-7dd1a33,discover-1
c0026,54,54,45,36,0.5143,access_connectivity,0.8647,0.0,0.2037,Project Components,0.3005,0.2565,0.9748,REF030,0.2886,shortlist,,20260918T0135-7dd1a33,discover-1
c0034,54,54,37,39,0.5571,dpi,1.0,0.0,0.9815,Fiduciary,0.2444,0.216,0.9644,REF005,0.3021,junk,junk_section_share>=0.6,20260918T0135-7dd1a33,discover-1
c0126,54,42,22,21,0.3,access_connectivity,0.8775,0.0,0.1111,Sectoral and Institutional Context,0.1068,0.2331,0.7089,REF041,0.4131,shortlist,,20260918T0135-7dd1a33,discover-1
c0200,54,50,41,39,0.5571,dpi,0.9122,0.0,0.6481,Implementation Arrangements and Support Plan,0.2348,0.204,0.8362,REF045,0.3792,junk,junk_section_share>=0.6,20260918T0135-7dd1a33,discover-1
c0245,54,54,34,34,0.4857,data_hosting,0.9637,0.0185,0.037,Project Components,0.1891,0.7431,0.8121,REF036,0.6206,shortlist,,20260918T0135-7dd1a33,discover-1
c0324,54,47,41,37,0.5286,access_connectivity,0.0,0.5,1.0,Implementation Arrangements and Support Plan,0.232,0.2359,0.8262,REF005,0.4236,junk,junk_section_share>=0.6,20260918T0135-7dd1a33,discover-1
c0359,54,49,41,31,0.4429,data_hosting,0.9312,0.0,0.1111,Country Context,0.1896,0.3361,0.6753,REF041,0.243,shortlist,,20260918T0135-7dd1a33,discover-1
c0001,53,53,35,30,0.4286,access_connectivity,0.8964,0.0,0.4151,Project Components,0.2383,0.177,0.9942,REF027,0.1649,shortlist,,20260918T0135-7dd1a33,discover-1
c0029,53,53,16,16,0.2286,dpi,0.8579,0.0,0.3208,Timelines and Additional Details of Project Activities,0.0967,0.222,0.8827,REF023,0.1488,shortlist,,20260918T0135-7dd1a33,discover-1
c0036,53,21,14,17,0.2429,access_connectivity,0.8586,0.0,0.0377,Republic of Angola,0.0533,0.3211,0.5555,REF089,0.3503,shortlist,,20260918T0135-7dd1a33,discover-1
c0048,53,31,15,14,0.2,dpi,0.4395,0.0566,0.2453,Project Components,0.0751,0.216,0.731,REF005,0.4753,shortlist,,20260918T0135-7dd1a33,discover-1
c0050,53,52,32,27,0.3857,dpi,0.8554,0.0,0.2264,Sectoral and Institutional Context,0.1416,0.288,0.6462,REF083,0.4132,shortlist,,20260918T0135-7dd1a33,discover-1
c0144,53,53,42,29,0.4143,access_connectivity,0.9088,0.0,0.3585,KEY RISKS,0.1861,0.409,0.6468,REF013,0.2869,shortlist,,20260918T0135-7dd1a33,discover-1
c0226,53,53,26,28,0.4,dpi,0.9298,0.0,0.1509,Project Components,0.1362,0.3112,0.7648,REF030,0.328,shortlist,,20260918T0135-7dd1a33,discover-1
c0232,53,49,29,26,0.3714,access_connectivity,0.0,0.2642,0.9811,Implementation Arrangements and Support Plan,0.1524,0.246,0.7671,REF085,0.3682,junk,junk_section_share>=0.6,20260918T0135-7dd1a33,discover-1
c0259,53,21,12,12,0.1714,,0.0,0.3019,1.0,Implementation Arrangements and Support Plan,0.0626,0.241,0.7622,REF045,0.3675,junk,junk_section_share>=0.6,20260918T0135-7dd1a33,discover-1
c0293,53,46,30,27,0.3857,access_connectivity,0.0,0.3962,0.1321,Project Components,0.1656,0.2826,0.8058,REF085,0.3485,shortlist,,20260918T0135-7dd1a33,discover-1
c0013,52,52,50,49,0.7,,0.0,0.0,0.0385,GRIEVANCE REDRESS SERVICES,0.3359,0.2232,0.9809,REF066,0.236,shortlist,,20260918T0135-7dd1a33,discover-1
c0044,52,51,38,27,0.3857,dpi,0.7897,0.0,0.6154,Implementation Arrangements and Support Plan,0.1914,0.3472,0.7353,REF053,0.3735,junk,junk_section_share>=0.6,20260918T0135-7dd1a33,discover-1
c0055,52,52,45,46,0.6571,access_connectivity,0.895,0.0,0.1538,GRIEVANCE REDRESS SERVICES,0.2733,0.3168,0.8868,REF005,0.3368,shortlist,,20260918T0135-7dd1a33,discover-1
c0061,52,46,14,13,0.1857,dpi,0.9206,0.0,0.3269,DETAILED CHANGE(S),0.0728,0.2423,0.7589,REF030,0.3129,shortlist,,20260918T0135-7dd1a33,discover-1
c0081,52,52,43,33,0.4714,access_connectivity,0.0,0.0,0.8654,KEY RISKS,0.2449,0.4164,0.8317,REF030,0.3814,junk,junk_section_share>=0.6,20260918T0135-7dd1a33,discover-1
c0139,52,52,37,36,0.5143,dpi,0.8076,0.0,0.1154,Project Components,0.2279,0.2756,0.8991,REF030,0.3519,shortlist,,20260918T0135-7dd1a33,discover-1
c0240,52,50,29,19,0.2714,dpi,0.9656,0.1154,0.4231,PROJECT STATUS AND RATIONALE FOR RESTRUCTURING,0.1561,0.2742,0.7857,REF045,0.3151,shortlist,,20260918T0135-7dd1a33,discover-1
c0318,52,31,18,17,0.2429,access_connectivity,0.9275,0.0,0.0577,Country Context,0.0829,0.2993,0.672,REF011,0.3603,shortlist,,20260918T0135-7dd1a33,discover-1
c0216,51,50,38,36,0.5143,access_connectivity,0.7663,0.0,0.3137,Relevance to Higher Level Objectives,0.1932,0.2897,0.7423,REF009,0.3609,shortlist,,20260918T0135-7dd1a33,discover-1
c0263,51,50,38,33,0.4714,access_connectivity,0.8447,0.0784,0.6667,KEY RISKS,0.2046,0.383,0.7862,REF030,0.3582,junk,junk_section_share>=0.6,20260918T0135-7dd1a33,discover-1
c0380,51,47,23,21,0.3,access_connectivity,0.7978,0.0784,0.098,Project Components,0.1172,0.3417,0.744,REF046,0.5523,shortlist,,20260918T0135-7dd1a33,discover-1
c0382,51,29,21,23,0.3286,access_connectivity,0.8543,0.0,0.0196,Project Components,0.1027,0.3106,0.7139,REF046,0.5438,shortlist,,20260918T0135-7dd1a33,discover-1
c0019,50,45,31,22,0.3143,dpi,0.8007,0.0,0.24,Project Components,0.2123,0.1996,1.0,REF053,0.2132,shortlist,,20260918T0135-7dd1a33,discover-1
c0075,50,50,31,28,0.4,access_connectivity,0.597,0.0,0.88,KEY RISKS,0.1882,0.3196,0.8862,REF030,0.3305,junk,junk_section_share>=0.6,20260918T0135-7dd1a33,discover-1
c0088,50,50,27,21,0.3,access_connectivity,0.8464,0.26,0.1,Project Components,0.1468,0.2396,0.7939,REF079,0.4871,shortlist,,20260918T0135-7dd1a33,discover-1
c0096,50,35,15,16,0.2286,access_connectivity,0.6668,0.0,0.0,Sectoral and Institutional Context,0.0708,0.3287,0.6888,REF059,0.7283,shortlist,,20260918T0135-7dd1a33,discover-1
c0152,50,48,29,28,0.4,dpi,0.9024,0.16,0.28,Project Components,0.1565,0.3414,0.7881,REF085,0.3693,shortlist,,20260918T0135-7dd1a33,discover-1
c0176,50,43,30,28,0.4,dpi,0.6343,0.0,0.04,Country Context,0.1383,0.2782,0.673,REF046,0.4066,shortlist,,20260918T0135-7dd1a33,discover-1
c0233,50,45,33,24,0.3429,access_connectivity,0.8113,0.24,0.46,DESCRIPTION OF PROPOSED CHANGES,0.1751,0.2845,0.7746,REF030,0.3569,shortlist,,20260918T0135-7dd1a33,discover-1
c0243,50,36,11,8,0.1143,dpi,0.0,0.34,0.18,DETAILED CHANGE(S),0.0572,0.2918,0.7589,REF009,0.3371,shortlist,,20260918T0135-7dd1a33,discover-1
c0260,50,39,25,24,0.3429,access_connectivity,0.6567,0.0,0.22,Relevance to Higher Level Objectives,0.1189,0.3387,0.6944,REF056,0.454,shortlist,,20260918T0135-7dd1a33,discover-1
c0275,50,41,31,30,0.4286,access_connectivity,0.0,0.0,0.96,Implementation Arrangements and Support Plan,0.1695,0.2403,0.7983,REF058,0.3162,junk,junk_section_share>=0.6,20260918T0135-7dd1a33,discover-1
c0303,50,40,26,25,0.3571,drm_ews,0.6956,0.0,0.0,Relevance to Higher Level Objectives,0.1341,0.3637,0.7533,REF005,0.4961,shortlist,,20260918T0135-7dd1a33,discover-1
