cluster_id,size,n_projects,n_documents,nearest_reference,nearest_reference_direction,cosine,top_terms,exemplar_clause_ids
projected_resilience_of_asset-c036,612,104,104,Establish data protection and consent protocols for beneficiary registries used in emergency disbursements,resilience_of_asset,0.3380,reais euros brasil banco withdrawals deposited denominated dollars dfil opened segregated signatories,33862093:p00413:c03:split-1|33786588:p00512:c10:split-1|33421881:p00229:c18:split-1|34204848:p00298:c01:split-1|31338295:p00350:c01:split-1
projected_resilience_of_asset-c004,588,111,111,Adopt Common Alerting Protocol (CAP) for standardized multi-channel warnings,resilience_of_asset,0.2242,adopted co planned developed set prepared expected,31747152:p00249:c04:split-1|34196134:p00147:c09:split-1|34307768:p00046:c13:split-1|32971756:p00411:c03:split-1|33812956:p00200:c08:split-1
projected_resilience_of_asset-c064,573,84,84,Develop and regularly test government ICT business continuity and disaster recovery plans,resilience_of_asset,0.2360,undermined lacks inconsistencies hindered siloed outdated fragmented inefficient absence weak cscs lack,33835349:p00141:c10:split-1|32971756:p00528:c06:split-1|33835349:p00154:c01:split-1|34327188:p00147:c09:split-1|33786588:p00146:c04:split-1
projected_resilience_of_asset-c071,555,87,87,Incorporate resilience standards and climate screening in telecom infrastructure procurement,resilience_of_asset,0.4127,ethics observe notices approaching thresholds paragraph procuring notice methods bids forth awards,33421881:p00233:c01:split-1|33421881:p00310:c01:split-1|33813209:p00328:c02:split-1|31167658:p00487:c17:split-1|34196134:p00232:c01:split-1
projected_resilience_of_asset-c069,533,84,84,Build submarine cable redundancy through diverse routing,resilience_of_asset,0.3594,nodes tier arsat ace length tower optical route microwave carrier hotel servers,34370345:p00031:c13:split-1|33844146:p00207:c04:split-1|33844146:p00306:c13:split-1|33118666:p00312:c06:split-1|34397339:p00385:c11:split-1
projected_resilience_of_asset-c085,512,76,76,Develop national fiber pooling and open access policies for resilient connectivity,resilience_of_asset,0.3615,unserved divide underserved affordable lagging broadband expand speed universal affordability bridge expanding,40022182:p00060:c08:split-1|33602788:p00191:c02:split-1|33835348:p00189:c02:split-1|33786588:p00182:c09:split-1|34022655:p00155:c02:split-1
projected_resilience_of_asset-c090,506,95,95,Address algorithmic accountability in emergency resource allocation systems,resilience_of_asset,0.2838,overdue oag ofag audit outstanding audits reconciliation auditor moshe auditors auditing accountants,33786588:p00475:c09:split-1|33830968:p00385:c05:split-1|31167658:p00450:c01:split-1|33786588:p00513:c10:split-1|34203125:p00075:c01:split-1
projected_resilience_of_asset-c099,496,103,103,Adopt Common Alerting Protocol (CAP) for standardized multi-channel warnings,resilience_of_asset,0.2836,tz rcip afap assigned hosted risa hired regularly cef brd rnp cs,33107441:p00562:c06:split-1|34194833:p00318:c05:split-1|33859017:p00029:c02:split-1|34310682:p00258:c21:split-1|33867703:p00069:c06:split-1
projected_resilience_of_asset-c082,488,102,102,Design oversight and transparency frameworks for parametric trigger calibration and basis risk,digital_for_resilience,0.2175,overcome adapt avoid complete maintain able upgrade prevent operate allow prepare enable,34131348:p00266:c03:split-1|34275965:p00233:c05:split-1|31866361:p00148:c09:split-1|34228623:p00197:c02:split-1|31167658:p00627:c04:split-1
projected_resilience_of_asset-c065,487,93,93,Develop and regularly test government ICT business continuity and disaster recovery plans,resilience_of_asset,0.3180,rique num nation blueprint ambitious agenda recognizes vision advancing goal gou kiribati,34275965:p00148:c05:split-1|33815663:p00132:c04:split-1|31866361:p00204:c04:split-1|33191006:p00129:c15:split-1|33786588:p00359:c04:split-1
projected_resilience_of_asset-c033,482,98,98,Incorporate resilience standards and climate screening in telecom infrastructure procurement,resilience_of_asset,0.4023,proposers winning bidder advantageous tendering rfp bidders auctions bid competitively tender tenders,32971756:p00248:c05:split-1|34022655:p00362:c10:split-1|33815663:p00222:c08:split-1|33815663:p00235:c07:split-1|33107441:p00483:c03:split-1
projected_resilience_of_asset-c080,480,98,98,Establish data protection and consent protocols for beneficiary registries used in emergency disbursements,resilience_of_asset,0.3129,participates books thereafter deliverables pom manual recipient maintained enter covenant association representative,33107441:p00282:c07:split-1|40013198:p00188:c09:split-1|33118666:p00316:c12:split-1|33706639:p00407:c07:split-1|34327188:p00271:c08:split-1
projected_resilience_of_asset-c084,477,96,96,Establish data protection standards for emergency beneficiary targeting and cross-agency data sharing,resilience_of_asset,0.3046,constitution assembly establishes decree regulated mandated powers appointed matters law president body,33345981:p00292:c08:split-1|31866361:p00270:c08:split-1|34460895:p00207:c09:split-1|32108178:p00324:c05:split-1|33937854:p00390:c03:split-1
projected_resilience_of_asset-c157,467,76,76,Develop and regularly test government ICT business continuity and disaster recovery plans,resilience_of_asset,0.3755,whole dto direction transformation roadmap prioritization agenda blocks importance foundations digitalization government,31338295:p00151:c02:split-1|31338295:p00331:c10:split-1|33118666:p00254:c10:split-1|33786588:p00164:c02:split-1|31338295:p00323:c01:split-1
projected_resilience_of_asset-c132,466,112,112,Adopt Common Alerting Protocol (CAP) for standardized multi-channel warnings,resilience_of_asset,0.2740,summarized page official pp pce mentioned pbcs pcm annex table paragraph ppsd,31866361:p00397:c07:split-1|34049898:p00427:c05:split-1|32321387:p00140:c13:split-1|33835348:p00455:c09:split-1|34388773:p00281:c09:split-1
projected_resilience_of_asset-c142,464,62,62,Establish regional frameworks for cross-border digital resilience cooperation,resilience_of_asset,0.4243,subregional recs rec continental member harmonization eac igad regionally comesa harmonized oecs,34196069:p00155:c04:split-1|34194833:p00181:c06:split-1|34194833:p00253:c05:split-1|34196069:p00138:c13:split-1|32108178:p00189:c16:split-1
projected_resilience_of_asset-c158,448,77,77,Ensure cybersecurity of digital payment platforms and mobile money rails,resilience_of_asset,0.5036,laundering transact accept wallets wallet merchants acceptance payment payments gateway settlement transactions,31338295:p00286:c14:split-1|40028045:p00230:c16:split-1|40078552:p00034:c11:split-1|33107441:p00143:c02:split-1|31866361:p00145:c05:split-1
projected_resilience_of_asset-c110,441,83,83,Establish disaster recovery sites and government cloud resilience for continuity of digital services,resilience_of_asset,0.4356,br govnet govtech cloud gov computing migration shared architecture wide gob interoperability,40045816:p00412:c26:split-1|34022655:p00340:c04:split-1|34022655:p00327:c26:split-1|33191006:p00271:c13:split-1|31338295:p00203:c08:split-1
projected_resilience_of_asset-c057,438,91,91,Develop and regularly test government ICT business continuity and disaster recovery plans,resilience_of_asset,0.3124,secretaries moict moitt ng mocit intic ps minict doit chair secretary cio,33835349:p00253:c01:split-1|33107441:p00244:c05:split-1|31338295:p00209:c05:split-1|33812956:p00334:c01:split-1|33835349:p00322:c07:split-1
projected_resilience_of_asset-c021,425,77,77,Develop national fiber pooling and open access policies for resilient connectivity,resilience_of_asset,0.3809,lgas ebeye mindanao kosrae majuro km terrestrial outer length optic hospitals wi,40095037:p00220:c33:split-1|34228859:p00025:c19:split-1|34196134:p00151:c10:split-1|40052992:p00160:c04:split-1|31338295:p00132:c12:split-1
projected_resilience_of_asset-c070,421,62,62,Establish data protection and consent protocols for beneficiary registries used in emergency disbursements,resilience_of_asset,0.5032,minimization improper consent legitimate unauthorized lawful subjects personal privacy pdp protected breaches,31747152:p00623:c10:split-1|31747152:p00374:c31:split-1|34460895:p00102:c07:split-1|33835349:p00274:c15:split-1|33191006:p00218:c04:split-1
projected_resilience_of_asset-c098,413,70,70,Strengthen mobile money agent network resilience for cash-out during disruptions,resilience_of_asset,0.2379,outlook imports invasion commodity ukraine russia shortages disrupted oil exports pressures manufacturing,33844146:p00314:c03:split-1|40080119:p00237:c04:split-1|32971756:p00124:c15:split-1|32527137:p00125:c02:split-1|34327188:p00088:c03:split-1
projected_resilience_of_asset-c017,409,74,74,Scale mobile money for post-disaster person-to-person remittances,digital_for_resilience,0.2094,archipelago ocean notre dame west tom stable member ranks heavily km ecowas,34196069:p00140:c02:split-1|34049907:p00139:c06:split-1|31747152:p00155:c15:split-1|32971756:p00611:c04:split-1|34022655:p00150:c08:split-1
projected_resilience_of_asset-c087,407,75,75,Establish disaster recovery sites and government cloud resilience for continuity of digital services,resilience_of_asset,0.3498,usability centric centered deliver digitalized digitally fast digitizing delivery citizens improve services,34428613:p00128:c02:split-1|33830968:p00146:c05:split-1|34218724:p00208:c02:split-1|40100544:p00111:c14:split-1|32527137:p00154:c03:split-1
projected_resilience_of_asset-c074,406,68,68,Establish infrastructure sharing and emergency roaming policies between telecom operators,resilience_of_asset,0.4136,discriminatory monopoly roaming licensed regulated wholesale sell mnos isps incumbent operators retail,33844146:p00208:c16:split-1|31167658:p00555:c03:split-1|33786588:p00365:c15:split-1|40042661:p00137:c05:split-1|31866361:p00206:c12:split-1
projected_resilience_of_asset-c138,402,94,94,Incorporate resilience standards and climate screening in telecom infrastructure procurement,resilience_of_asset,0.3076,missing subcomponents backbone optic mile extending middle pre broadband expansion connectivity fiber,33118666:p00183:c05:split-1|33937854:p00178:c01:split-1|33706639:p00226:c19:split-1|33815663:p00376:c04:split-1|33844146:p00226:c04:split-1
projected_resilience_of_asset-c061,401,69,69,Monitor climate vulnerability of digital infrastructure using geospatial and climate projection data,resilience_of_asset,0.4882,waterlogging heatwaves warming precipitation temperatures temperature damaging intensity rainfall storm intense droughts,33107441:p00502:c10:split-1|31338295:p00174:c05:split-1|33815663:p00222:c17:split-1|33937854:p00221:c02:split-1|33844146:p00124:c06:split-1
projected_resilience_of_asset-c109,400,76,76,Address algorithmic fairness and gender exclusion risks in social protection targeting systems,resilience_of_asset,0.4036,excluded exclusion minorities disabled indigenous discrimination peoples disproportionately marginalized disabilities elderly disadvantaged,33118666:p00317:c08:split-1|34049898:p00139:c14:split-1|33835349:p00191:c09:split-1|33835349:p00274:c13:split-1|40028045:p00193:c07:split-1
projected_resilience_of_asset-c155,400,97,97,Establish data protection and consent protocols for beneficiary registries used in emergency disbursements,resilience_of_asset,0.3136,consulted consultations pronatel dialogue beneficiaries learned closure sustainability feedback lessons strengthened beneficiary,40045816:p00206:c16:split-1|34380714:p00047:c22:split-1|34049898:p00257:c01:split-1|33345981:p00163:c14:split-1|33835348:p00350:c06:split-1
projected_resilience_of_asset-c042,398,93,93,Design oversight and transparency frameworks for parametric trigger calibration and basis risk,digital_for_resilience,0.1915,none localities located living villages locations sites currently less area available areas,34201758:p00151:c02:split-1|33118666:p00192:c20:split-1|40027697:p00184:c23:split-1|32159893:p00189:c12:split-1|31167658:p00131:c06:split-1
projected_resilience_of_asset-c012,397,111,111,Design oversight and transparency frameworks for parametric trigger calibration and basis risk,digital_for_resilience,0.2746,contingent subcomponents cerc buildings added structure dukcapil hardware ppp studies reflect interoperability,34254903:p00121:c02:split-1|34228623:p00211:c01:split-1|40099485:p00037:c02:split-1|40115059:p00632:c09:split-1|34397339:p00165:c03:split-1
projected_resilience_of_asset-c026,397,96,96,Design oversight and transparency frameworks for parametric trigger calibration and basis risk,digital_for_resilience,0.3123,overcome highlights bottlenecks priorities address addressed designing addressing efforts challenges interventions issues,31167658:p00275:c07:split-1|33706639:p00282:c06:split-1|34049898:p00122:c13:split-1|32159893:p00416:c03:split-1|33107441:p00507:c02:split-1
projected_resilience_of_asset-c023,396,83,83,Upgrade and harden government data centers for disaster resilience,resilience_of_asset,0.3284,gor strengthen capability capacity house ability reinforce capacities sufficient boost build strengthening,34049907:p00461:c11:split-1|34327188:p00197:c23:split-1|34429409:p00183:c03:split-1|40087727:p00121:c10:split-1|32971756:p00332:c09:split-1
projected_resilience_of_asset-c086,395,72,72,Design interoperability and portability standards for digital financial services,resilience_of_asset,0.4402,compatibility visual vendor interoperable lock neutrality standardization interoperability modular standardized neutral standards,31889872:p00224:c13:split-1|31866361:p00271:c08:split-1|32527137:p00426:c08:split-1|33191006:p00266:c10:split-1|34049907:p00584:c06:split-1
projected_resilience_of_asset-c126,395,67,67,Establish regional frameworks for cross-border digital resilience cooperation,resilience_of_asset,0.4394,harmonizing harmonized foster trade commerce continent border flows dynamic sdm integration ecowas,32108178:p00192:c05:split-1|34338772:p00276:c04:split-1|32108178:p00189:c20:split-1|40087727:p00099:c15:split-1|34338772:p00119:c06:split-1
projected_resilience_of_asset-c112,392,74,74,Upgrade and harden government data centers for disaster resilience,resilience_of_asset,0.5193,withstand recover resilience consequences adapt floods climate shocks heat disasters vulnerability adaptation,40087727:p00188:c03:split-1|31866361:p00158:c05:split-1|33107441:p00153:c13:split-1|33830968:p00445:c02:split-1|34310682:p00347:c04:split-1
projected_resilience_of_asset-c146,391,94,94,Design oversight and transparency frameworks for parametric trigger calibration and basis risk,digital_for_resilience,0.2216,able effort continue planned allow prepare made special used need expected required,34131348:p00320:c24:split-1|40072597:p00211:c06:split-1|33753850:p00361:c14:split-1|34049907:p00453:c06:split-1|33937854:p00307:c13:split-1
projected_resilience_of_asset-c008,388,69,69,Diversify equipment vendor dependencies for telecom supply chain resilience,resilience_of_asset,0.2944,underinvestment bottleneck commercially expensive constrained limits absence failure concentrated limit lacks presents,32321387:p00360:c01:split-1|32321387:p00145:c10:split-1|40087727:p00101:c06:split-1|34397339:p00106:c04:split-1|34394311:p00189:c11:split-1
projected_resilience_of_asset-c015,385,85,85,Establish infrastructure sharing and emergency roaming policies between telecom operators,resilience_of_asset,0.3906,legislation regulatory laws legislative amendments reforms regulation frameworks legal drafting regulations licensing,33191006:p00191:c03:split-1|32321387:p00190:c06:split-1|40110459:p00319:c04:split-1|40013198:p00158:c06:split-1|32108178:p00159:c02:split-1
projected_resilience_of_asset-c059,385,61,61,Incorporate resilience standards and climate screening in telecom infrastructure procurement,resilience_of_asset,0.4050,labeling jrc star surpass recycle pue battery recycling energy centre certification certified,34428613:p00357:c25:split-1|40028045:p00189:c18:split-1|34049898:p00512:c11:split-1|32321387:p00158:c18:split-1|34310682:p00146:c07:split-1
projected_resilience_of_asset-c078,382,78,78,Develop and regularly test government ICT business continuity and disaster recovery plans,resilience_of_asset,0.2713,professions competency cfi ciras professionals skilled employees servants employability trained science professional,33815663:p00162:c13:split-1|34228623:p00186:c03:split-1|34049907:p00265:c10:split-1|33822742:p00154:c10:split-1|34460895:p00118:c03:split-1
projected_resilience_of_asset-c144,382,81,81,Design oversight and transparency frameworks for parametric trigger calibration and basis risk,digital_for_resilience,0.2667,cpcc rpcc designate week chair representative mef chaired psc sc representatives deputy,33985963:p00295:c09:split-1|34228623:p00228:c01:split-1|33835348:p00282:c05:split-1|34347483:p00044:c04:split-1|33813209:p00230:c15:split-1
projected_resilience_of_asset-c019,372,60,60,Establish data protection and consent protocols for beneficiary registries used in emergency disbursements,resilience_of_asset,0.4978,biographic voter deduplication nid registries databases registry biometric validate dinas registration ditjen,34204848:p00148:c02:split-1|40037981:p00038:c16:split-1|34204848:p00152:c02:split-1|34201758:p00201:c16:split-1|40045816:p00191:c04:split-1
projected_resilience_of_asset-c063,371,96,96,Develop and regularly test government ICT business continuity and disaster recovery plans,resilience_of_asset,0.3247,workload continuity avoid culture duplication maintaining maintenance maintain sustainability manage effectively long,40080119:p00194:c10:split-1|34429409:p00158:c03:split-1|31866361:p00391:c08:split-1|40097306:p00044:c12:split-1|34022655:p00383:c15:split-1
projected_resilience_of_asset-c106,369,90,90,Design oversight and transparency frameworks for parametric trigger calibration and basis risk,digital_for_resilience,0.1521,continues able ability likely opportunity less continue important remains addition however used,40095037:p00145:c24:split-1|33107441:p00267:c07:split-1|32159893:p00526:c09:split-1|31866361:p00373:c04:split-1|34327188:p00209:c07:split-1
projected_resilience_of_asset-c011,368,67,67,Design digital inclusion safeguards ensuring crisis response reaches populations without connectivity or devices,resilience_of_asset,0.3448,signal cellular left populated leaving lacking density unconnected divide cities living unserved,32321387:p00383:c10:split-1|34254903:p00099:c09:split-1|33835348:p00180:c02:split-1|34049907:p00294:c06:split-1|33937854:p00425:c03:split-1
projected_resilience_of_asset-c040,367,78,78,Support community-owned mesh networks and locally maintained connectivity infrastructure,resilience_of_asset,0.2849,collaborate encourage raise foster promote drive uptake awareness innovation aim inclusion promoting,34397339:p00175:c07:split-1|33815663:p00174:c10:split-1|33815663:p00218:c04:split-1|33813209:p00149:c20:split-1|34394311:p00170:c05:split-1
projected_resilience_of_asset-c107,366,97,97,Design oversight and transparency frameworks for parametric trigger calibration and basis risk,digital_for_resilience,0.2442,pius piu spiu retain ecsu ciu hire park pcu unit positions pmu,34228623:p00260:c13:split-1|33815663:p00301:c01:split-1|34388773:p00303:c03:split-1|34222788:p00097:c12:split-1|40126632:p00026:c09:split-1
projected_resilience_of_asset-c135,362,91,91,Establish data protection and consent protocols for beneficiary registries used in emergency disbursements,resilience_of_asset,0.2679,credits dialogue lives world worldbank bank wbg engaged wb teams financed european,31866361:p00213:c03:split-1|32159893:p00558:c03:split-1|33830968:p00414:c06:split-1|33706639:p00567:c03:split-1|31167658:p00487:c20:split-1
projected_resilience_of_asset-c041,361,78,78,Upgrade and harden government data centers for disaster resilience,resilience_of_asset,0.4686,cyberattacks cyberthreats threats attacks resiliency breaches incidence cyber redundancy vulnerabilities cybersecurity protect,33118666:p00254:c19:split-1|34049898:p00223:c03:split-1|40095037:p00184:c07:split-1|34397339:p00173:c09:split-1|33844146:p00154:c02:split-1
projected_resilience_of_asset-c092,360,66,66,Incorporate resilience standards and climate screening in telecom infrastructure procurement,resilience_of_asset,0.4139,iru prepurchase indefeasible infraco bulk ensured operator fttp ethio anchor wholesale isps,31866361:p00174:c08:split-1|40045816:p00175:c09:split-1|33815663:p00235:c10:split-1|33345981:p00246:c12:split-1|31866361:p00266:c04:split-1
projected_resilience_of_asset-c094,359,89,89,Design oversight and transparency frameworks for parametric trigger calibration and basis risk,digital_for_resilience,0.2209,ga gui ma gb bcc vii iv waste vi ii iii special,34049898:p00269:c05:split-1|34310682:p00269:c07:split-1|33107441:p00405:c08:split-1|33118666:p00308:c04:split-1|31167658:p00574:c02:split-1
projected_resilience_of_asset-c016,356,83,83,Design digital inclusion safeguards ensuring crisis response reaches populations without connectivity or devices,resilience_of_asset,0.3073,analog technologies innovative transformation devices digitalization enablers greater solutions technology digital platforms,34460895:p00097:c06:split-1|32527137:p00168:c10:split-1|34275965:p00120:c10:split-1|34275965:p00161:c04:split-1|33844146:p00253:c17:split-1
projected_resilience_of_asset-c038,356,66,66,Incorporate resilience standards and climate screening in telecom infrastructure procurement,resilience_of_asset,0.3050,attracting attract crowd stimulating encourage investors private incentivize partnerships conducive players investment,33844146:p00257:c05:split-1|32159893:p00345:c05:split-1|40080119:p00160:c03:split-1|34196069:p00208:c04:split-1|32971756:p00198:c10:split-1
projected_resilience_of_asset-c053,356,70,70,Establish infrastructure sharing and emergency roaming policies between telecom operators,resilience_of_asset,0.4723,arcep regulator gulation enforcing regulate governing spectrum regulators telecommunications telecoms proclamation liberalization,33753850:p00171:c03:split-1|34049907:p00236:c05:split-1|33786588:p00203:c04:split-1|32971756:p00283:c15:split-1|33830968:p00139:c16:split-1
projected_resilience_of_asset-c048,355,71,71,Develop national fiber pooling and open access policies for resilient connectivity,resilience_of_asset,0.3480,conatel enactment upstream defining regulator regulatory frameworks harmonization arcep spectrum legal enhancement,33835348:p00267:c03:split-1|34388773:p00232:c05:split-1|34049907:p00236:c04:split-1|32108178:p00197:c03:split-1|34196069:p00217:c03:split-1
projected_resilience_of_asset-c050,355,61,61,Address algorithmic fairness and gender exclusion risks in social protection targeting systems,resilience_of_asset,0.3717,underrepresented stereotypes childcare disproportionately inequalities norms family discrimination male inequality girls cultural,40042661:p00241:c09:split-1|34254903:p00085:c22:split-1|33862093:p00122:c05:split-1|32626249:p00445:c19:split-1|40080119:p00091:c09:split-1
projected_resilience_of_asset-c031,352,81,81,Develop sovereign cloud and data residency policies for government continuity,resilience_of_asset,0.3169,consensus collaborative whole dialogue buy highest stakeholders together priorities sectoral leadership drive,33815663:p00137:c14:split-1|33815663:p00261:c05:split-1|34275965:p00150:c10:split-1|33786588:p00342:c04:split-1|33830968:p00279:c02:split-1
projected_resilience_of_asset-c130,351,70,70,Develop national fiber pooling and open access policies for resilient connectivity,resilience_of_asset,0.3773,microwave deploy premises fttp passive copper mbps wireless optic cables connect fiber,31866282:p00197:c09:split-1|40045816:p00230:c12:split-1|34460895:p00178:c04:split-1|33421881:p00169:c12:split-1|34049907:p00677:c02:split-1
projected_resilience_of_asset-c139,350,74,74,Monitor climate vulnerability of digital infrastructure using geospatial and climate projection data,resilience_of_asset,0.5426,screened screening geophysical hazards nap adaptation climate climatic vulnerability paris disaster heat,34394311:p00192:c12:split-1|34201758:p00171:c02:split-1|40081960:p00181:c01:split-1|32626249:p00235:c04:split-1|40042661:p00159:c01:split-1
projected_resilience_of_asset-c052,349,79,79,Establish data protection standards for emergency beneficiary targeting and cross-agency data sharing,resilience_of_asset,0.4715,cybercrime convention enactment bill protection personal privacy law enacted laws proclamation harmonized,32971756:p00320:c16:split-1|33844146:p00154:c07:split-1|31747152:p00506:c02:split-1|40082999:p00056:c17:split-1|31747152:p00378:c19:split-1
projected_resilience_of_asset-c118,345,83,83,Upgrade and harden government data centers for disaster resilience,resilience_of_asset,0.4362,benavidez prodest room center ites park district servers carrier housed nims hotel,40080398:p00061:c10:split-1|34460895:p00189:c05:split-1|31889872:p00191:c07:split-1|34310682:p00200:c15:split-1|31889872:p00252:c03:split-1
projected_resilience_of_asset-c154,343,92,92,Incorporate resilience standards and climate screening in telecom infrastructure procurement,resilience_of_asset,0.3933,procure fit procuring bid procurements bids packages streamline define bidding proposals procurement,34131348:p00333:c07:split-1|32626249:p00323:c03:split-1|31338295:p00208:c10:split-1|31338295:p00226:c03:split-1|34394311:p00201:c06:split-1
projected_resilience_of_asset-c125,339,73,73,Develop and regularly test government ICT business continuity and disaster recovery plans,resilience_of_asset,0.3181,g2c br g2g portals g2b transactional digitalizing friendly universally gov websites portal,40072597:p00127:c05:split-1|33421881:p00385:c15:split-1|33812956:p00147:c28:split-1|31866361:p00145:c15:split-1|40072597:p00167:c04:split-1
projected_resilience_of_asset-c046,336,81,81,Incorporate resilience standards and climate screening in telecom infrastructure procurement,resilience_of_asset,0.3733,exchanges step procured systematic tracking procurement specifications contract proposals procurements cycle contracting,33835348:p00318:c07:split-1|31866361:p00396:c02:split-1|33862093:p00359:c02:split-1|34049898:p00314:c02:split-1|33786588:p00376:c02:split-1
projected_resilience_of_asset-c056,336,80,80,Incorporate resilience standards and climate screening in telecom infrastructure procurement,resilience_of_asset,0.3965,ppsd tables pp plan prepared draft procurement borrower updated strategy approaches recommended,34131348:p00329:c03:split-1|34327188:p00227:c18:split-1|32093931:p00289:c11:split-1|34428613:p00246:c08:split-1|33822742:p00273:c05:split-1
projected_resilience_of_asset-c137,335,70,70,Develop national fiber pooling and open access policies for resilient connectivity,resilience_of_asset,0.3417,lr ma regionally drafting updating frameworks licensing ta arcep guidelines spectrum operationalization,33985963:p00259:c01:split-1|34429409:p00137:c06:split-1|33786588:p00215:c01:split-1|40080119:p00139:c03:split-1|34196069:p00219:c01:split-1
projected_resilience_of_asset-c097,333,92,92,Incorporate resilience standards and climate screening in telecom infrastructure procurement,resilience_of_asset,0.3626,esmps esmp esms ess1 esia escp esss esias generic ehs esmf ess10,33053299:p00186:c18:split-1|33107441:p00280:c03:split-1|33345981:p00320:c05:split-1|33822742:p00277:c05:split-1|32527137:p00283:c02:split-1
projected_resilience_of_asset-c000,330,73,73,Establish data protection and consent protocols for beneficiary registries used in emergency disbursements,resilience_of_asset,0.4019,misuse protect integrity safeguard prevent secure consent avoid personal privacy reliability trust,31747152:p00667:c10:split-1|33862093:p00188:c11:split-1|31747152:p00724:c08:split-1|32321387:p00244:c15:split-1|34275965:p00149:c05:split-1
projected_resilience_of_asset-c055,330,98,98,Design oversight and transparency frameworks for parametric trigger calibration and basis risk,digital_for_resilience,0.2436,great parent funded complement original created designed developed design used benefit established,31866361:p00250:c04:split-1|31747152:p00744:c05:split-1|31167658:p00252:c15:split-1|40013198:p00215:c03:split-1|34196069:p00424:c08:split-1
projected_resilience_of_asset-c079,328,67,67,Address algorithmic fairness and gender exclusion risks in social protection targeting systems,resilience_of_asset,0.2606,males earn females versus boys male tertiary men proportion vs graduates force,32108178:p00184:c03:split-1|32527137:p00159:c03:split-1|32626249:p00472:c02:split-1|33345981:p00449:c06:split-1|32159890:p00184:c05:split-1
projected_resilience_of_asset-c083,328,90,90,Develop sovereign cloud and data residency policies for government continuity,resilience_of_asset,0.3436,servants cabinet ministries offices employees departments civil government officials federal owned mdas,40027697:p00171:c11:split-1|33191006:p00243:c04:split-1|34275965:p00128:c02:split-1|32527137:p00420:c08:split-1|34325711:p00026:c07:split-1
projected_resilience_of_asset-c018,327,60,60,Build submarine cable redundancy through diverse routing,resilience_of_asset,0.3988,wacren nrens neighbors europe station ixps landlocked ethernet landing submarine ncipe hoa,34049907:p00297:c12:split-1|34022655:p00164:c04:split-1|40115059:p00662:c02:split-1|34397339:p00120:c06:split-1|40100544:p00104:c21:split-1
projected_resilience_of_asset-c047,327,69,69,Establish disaster recovery sites and government cloud resilience for continuity of digital services,resilience_of_asset,0.4376,overheating outages downtime interruptions susceptible damage redundancy fire disruptions aerial backup underground,40081960:p00090:c13:split-1|34394311:p00340:c08:split-1|33835348:p00168:c08:split-1|34204848:p00213:c10:split-1|40115059:p00662:c07:split-1
projected_resilience_of_asset-c124,327,107,107,Upgrade and harden government data centers for disaster resilience,resilience_of_asset,0.2165,scheduled fy27 late june september completed march january december october until signed,40110459:p00334:c07:split-1|40077325:p00051:c02:split-1|40119486:p00010:c30:split-1|34357064:p00030:c08:split-1|34222788:p00097:c06:split-1
projected_resilience_of_asset-c104,326,47,47,Establish data protection and consent protocols for beneficiary registries used in emergency disbursements,resilience_of_asset,0.4773,nins nin nimc kyc deaths births holders nip registry enrollments mandatory register,31747152:p00560:c01:split-1|31747152:p00301:c10:split-1|31747152:p00378:c22:split-1|31747152:p00565:c04:split-1|31747152:p00275:c17:split-1
projected_resilience_of_asset-c128,318,72,72,Pre-position satellite communications for government use during terrestrial network failure,resilience_of_asset,0.2530,accessing providers service agreements services face deliver portal commercial available users delivery,34049898:p00523:c03:split-1|33191006:p00309:c08:split-1|40081960:p00174:c06:split-1|40081960:p00127:c11:split-1|33835348:p00147:c11:split-1
projected_resilience_of_asset-c013,317,67,67,Monitor climate vulnerability of digital infrastructure using geospatial and climate projection data,resilience_of_asset,0.4556,notre dame lying hurricanes nd coastline cyclones typhoons variability earthquakes tropical geophysical,33813209:p00202:c07:split-1|34310682:p00080:c02:split-1|34397339:p00226:c02:split-1|33812956:p00121:c02:split-1|34397339:p00397:c02:split-1
projected_resilience_of_asset-c121,317,82,82,Establish data protection and consent protocols for beneficiary registries used in emergency disbursements,resilience_of_asset,0.3083,spn objection semester receipt cleared days submitted quarter acceptable later calendar semi,32527137:p00391:c04:split-1|32527137:p00230:c08:split-1|34228859:p00040:c17:split-1|33835348:p00453:c11:split-1|34204848:p00195:c05:split-1
projected_resilience_of_asset-c116,316,75,75,Diversify equipment vendor dependencies for telecom supply chain resilience,resilience_of_asset,0.3689,economies attract pressure players competition competitiveness competitive foreign chains suppliers market larger,33835349:p00220:c05:split-1|33822742:p00432:c10:split-1|34254903:p00098:c04:split-1|32321387:p00404:c15:split-1|32108178:p00145:c09:split-1
projected_resilience_of_asset-c127,316,69,69,Deploy climate-resilient fiber-to-the-premises in hazard-prone areas,resilience_of_asset,0.3229,trenching habitats vegetation hazardous occupational relate disposal noise pose temporary soil electrical,33985963:p00360:c01:split-1|33706639:p00400:c18:split-1|33830968:p00318:c01:split-1|33985963:p00348:c05:split-1|33345981:p00318:c01:split-1
projected_resilience_of_asset-c088,313,67,67,Incorporate resilience standards and climate screening in telecom infrastructure procurement,resilience_of_asset,0.3618,minority shareholders tower ppp subsidies shares anchor auction viable subsidy commercially privatization,40080119:p00205:c02:split-1|32626249:p00190:c04:split-1|40109413:p00052:c07:split-1|40045816:p00175:c10:split-1|33985963:p00207:c03:split-1
projected_resilience_of_asset-c149,313,72,72,Incorporate resilience standards and climate screening in telecom infrastructure procurement,resilience_of_asset,0.3387,invitation bidders award contractual bids name drafting bidding proposals contract recruitment hiring,31866361:p00407:c05:split-1|33118666:p00301:c05:split-1|33844146:p00373:c06:split-1|32971756:p00473:c06:split-1|32093931:p00379:c01:split-1
projected_resilience_of_asset-c150,311,73,73,Incorporate resilience standards and climate screening in telecom infrastructure procurement,resilience_of_asset,0.3882,borrowers spds quotations edition gpn ipf notice arrange undb governed regulations accordance,33191006:p00449:c01:split-1|33830968:p00312:c01:split-1|34022655:p00456:c02:split-1|32093931:p00377:c01:split-1|33345981:p00315:c01:split-1
projected_resilience_of_asset-c054,309,111,111,Establish data protection standards for emergency beneficiary targeting and cross-agency data sharing,resilience_of_asset,0.2835,promulgated became declared dated july enacted january february ministers october august passed,33985963:p00358:c12:split-1|34192090:p00023:c02:split-1|32971756:p00729:c32:split-1|34196069:p00136:c06:split-1|40109413:p00051:c07:split-1
projected_resilience_of_asset-c029,307,87,87,Develop and regularly test government ICT business continuity and disaster recovery plans,resilience_of_asset,0.3610,maturity evaluate govnet testing feasibility missing recommendations consultancy options specifications determine assess,33812956:p00204:c09:split-1|31338295:p00323:c11:split-1|33753850:p00246:c04:split-1|33862093:p00216:c04:split-1|33118666:p00197:c08:split-1
projected_resilience_of_asset-c113,307,105,105,Design oversight and transparency frameworks for parametric trigger calibration and basis risk,digital_for_resilience,0.2500,version changed amended removed updated rf covenants revised accordingly upgrade cancellation reflect,34327188:p00227:c20:split-1|31747152:p00376:c05:split-1|33107441:p00398:c04:split-1|34194833:p00341:c23:split-1|34059801:p00041:c05:split-1
projected_resilience_of_asset-c081,305,94,94,Develop sovereign cloud and data residency policies for government continuity,resilience_of_asset,0.3143,keen ambition gosl intends gou gon goe gos sought gog goi gob,33835348:p00147:c01:split-1|40052992:p00181:c08:split-1|40028045:p00117:c12:split-1|40105151:p00051:c10:split-1|40045816:p00411:c04:split-1
projected_resilience_of_asset-c006,304,86,86,Develop national fiber pooling and open access policies for resilient connectivity,resilience_of_asset,0.2825,gobf agence incumbent gabonese ethio nationale des egabon et faso burkina arcep,40115059:p00727:c01:split-1|40013198:p00166:c04:split-1|34228623:p00155:c05:split-1|34388773:p00101:c01:split-1|34228623:p00131:c05:split-1
projected_resilience_of_asset-c058,304,75,75,Establish disaster recovery sites and government cloud resilience for continuity of digital services,resilience_of_asset,0.2676,closer accessibility quality delivery improve deliver bring service accessible facilitating citizens improving,33753850:p00287:c02:split-1|31747152:p00157:c05:split-1|33753850:p00235:c02:split-1|33053299:p00182:c15:split-1|31338295:p00204:c06:split-1
projected_resilience_of_asset-c073,304,66,66,Upgrade and harden government data centers for disaster resilience,resilience_of_asset,0.3691,pue lighting diesel copper decommissioning generators consumption cooling co2 inefficient ee reductions,33118666:p00264:c26:split-1|34204848:p00157:c18:split-1|33107441:p00501:c11:split-1|34310682:p00134:c12:split-1|34204848:p00157:c08:split-1
projected_resilience_of_asset-c115,303,74,74,Diversify equipment vendor dependencies for telecom supply chain resilience,resilience_of_asset,0.2859,diversify diversification jobs competitiveness salaries raise productivity drive growth create mining job,40045816:p00413:c06:split-1|40013198:p00299:c14:split-1|34196134:p00212:c06:split-1|33859017:p00030:c03:split-1|33859017:p00023:c18:split-1
projected_resilience_of_asset-c060,302,85,85,Incorporate resilience standards and climate screening in telecom infrastructure procurement,resilience_of_asset,0.3011,fy17 fy25 cpf fy23 fy19 twin fy21 fy22 partnership grid ida19 aligned,34131348:p00155:c01:split-1|32626249:p00144:c01:split-1|33822742:p00162:c04:split-1|31747152:p00152:c01:split-1|33815663:p00171:c01:split-1
projected_resilience_of_asset-c025,299,89,89,Incorporate resilience standards and climate screening in telecom infrastructure procurement,resilience_of_asset,0.3224,pp ppsd rpf consulted action prepared draft resettlement plan sep escp plans,40072597:p00198:c07:split-1|34275965:p00231:c01:split-1|33844146:p00278:c01:split-1|34196069:p00443:c13:split-1|33835348:p00453:c04:split-1
projected_resilience_of_asset-c068,299,69,69,Develop national fiber pooling and open access policies for resilient connectivity,resilience_of_asset,0.4190,competition liberalization entry telecoms conducive consumers telecom market prices wholesale competitive spectrum,33830968:p00131:c12:split-1|33813209:p00157:c02:split-1|33753850:p00242:c16:split-1|34397339:p00120:c04:split-1|33813209:p00188:c02:split-1
projected_resilience_of_asset-c027,298,65,65,Develop national fiber pooling and open access policies for resilient connectivity,resilience_of_asset,0.2777,fueled penetration documented increases increasingly increased gains affordable socioeconomic broadband positive bandwidth,34196069:p00306:c18:split-1|32626249:p00409:c03:split-1|32626249:p00211:c03:split-1|33844146:p00248:c18:split-1|34429409:p00222:c01:split-1
projected_resilience_of_asset-c100,298,73,73,Build redundancy in payment processing infrastructure with backup and failover systems,resilience_of_asset,0.2958,servers vendor offline agents hardware card software computing back authentication dpi gog,34460895:p00120:c09:split-1|33191006:p00168:c12:split-1|34049898:p00296:c04:split-1|31866282:p00195:c13:split-1|31747152:p00240:c04:split-1
projected_resilience_of_asset-c140,295,79,79,Incorporate resilience standards and climate screening in telecom infrastructure procurement,resilience_of_asset,0.3346,capex spv financing subsidies ifc cerc buildings ppp funding financed finance sources,32321387:p00254:c04:split-1|34388773:p00301:c03:split-1|32626249:p00396:c08:split-1|32626249:p00376:c22:split-1|34049907:p00305:c03:split-1
projected_resilience_of_asset-c156,294,79,79,Develop sovereign cloud and data residency policies for government continuity,resilience_of_asset,0.3146,municipal subnational governments political ability authorities priorities officials federal offices servants state,33753850:p00132:c07:split-1|31747152:p00154:c02:split-1|34327188:p00253:c01:split-1|34204848:p00228:c06:split-1|40077325:p00049:c04:split-1
projected_resilience_of_asset-c001,293,73,73,Develop national emergency telecommunications plans and spectrum sharing mandates,resilience_of_asset,0.4467,urgencies soc activation cert incident urgency csirt emergency numbers contingent calls incidents,31889872:p00234:c04:split-1|31889872:p00151:c04:split-1|31889872:p00224:c21:split-1|31889872:p00246:c09:split-1|31889872:p00246:c06:split-1
projected_resilience_of_asset-c007,293,66,66,Address algorithmic fairness and gender exclusion risks in social protection targeting systems,resilience_of_asset,0.4362,equality retention empowering parity encourage female trainees girls empowerment trainers women equal,32626249:p00231:c22:split-1|40072597:p00137:c12:split-1|32971756:p00596:c06:split-1|33835349:p00160:c07:split-1|34327188:p00120:c03:split-1
projected_resilience_of_asset-c101,293,67,67,Upgrade and harden government data centers for disaster resilience,resilience_of_asset,0.6126,waterproof coverings resistant pandemics withstand flood weather event disruption disasters redundancy events,33844146:p00207:c07:split-1|34196134:p00107:c02:split-1|33844146:p00189:c02:split-1|34428613:p00162:c10:split-1|40028045:p00193:c12:split-1
projected_resilience_of_asset-c141,293,62,62,Incorporate resilience standards and climate screening in telecom infrastructure procurement,resilience_of_asset,0.2464,err discounted npv eirr discount irr pessimistic optimistic reaches capex opex scenario,40087727:p00237:c02:split-1|31889872:p00256:c14:split-1|31889872:p00474:c02:split-1|33421881:p00371:c09:split-1|31167658:p00343:c05:split-1
projected_resilience_of_asset-c010,290,70,70,Deploy climate-resilient fiber-to-the-premises in hazard-prone areas,resilience_of_asset,0.3422,invest catalyze incentivize upgrades middle investments mile unserved investing cable submarine backbone,32626249:p00191:c06:split-1|40042661:p00105:c19:split-1|31866361:p00206:c09:split-1|40042661:p00109:c10:split-1|34131348:p00191:c04:split-1
projected_resilience_of_asset-c003,286,84,84,Diversify equipment vendor dependencies for telecom supply chain resilience,resilience_of_asset,0.2325,leads losses disruptions spending resulting delays costs leading retail prices supply revenues,34194833:p00110:c06:split-1|33191006:p00369:c12:split-1|34049898:p00263:c04:split-1|34397339:p00203:c03:split-1|40100544:p00109:c05:split-1
projected_resilience_of_asset-c111,286,74,74,Diversify equipment vendor dependencies for telecom supply chain resilience,resilience_of_asset,0.2558,cert incidents hardware upgrading computer waste software installation center cybersecurity acquisition iv,33118666:p00236:c01:split-1|33753850:p00255:c01:split-1|34428613:p00196:c10:split-1|34428613:p00162:c01:split-1|31747152:p00220:c01:split-1
projected_resilience_of_asset-c066,282,70,70,Incorporate resilience standards and climate screening in telecom infrastructure procurement,resilience_of_asset,0.3339,augment staffed officer spiu recruit specialists specialist ciu advisor pit consultant recruited,33815663:p00454:c03:split-1|33830968:p00313:c02:split-1|40042661:p00201:c01:split-1|33421881:p00235:c07:split-1|34254903:p00192:c07:split-1
projected_resilience_of_asset-c091,275,71,71,Upgrade and harden government data centers for disaster resilience,resilience_of_asset,0.3323,efficiencies modernize efficiency improve transparent delivery improved ability resource efficient modernization accountability,34397339:p00114:c02:split-1|40072597:p00126:c04:split-1|34131348:p00134:c05:split-1|33421881:p00345:c08:split-1|34394311:p00107:c02:split-1
projected_resilience_of_asset-c153,269,71,71,Diversify equipment vendor dependencies for telecom supply chain resilience,resilience_of_asset,0.3470,lowering opex reduce costs prices vendor lower savings reducing cost economies avoid,31866282:p00172:c11:split-1|33822742:p00151:c05:split-1|33812956:p00144:c18:split-1|40037981:p00037:c24:split-1|33835348:p00194:c08:split-1
projected_resilience_of_asset-c062,268,100,100,Upgrade and harden government data centers for disaster resilience,resilience_of_asset,0.2408,continues recently past despite continued progress improvements now years made still gains,40052992:p00116:c04:split-1|32527137:p00139:c01:split-1|34440132:p00046:c03:split-1|40013198:p00345:c04:split-1|34350724:p00041:c02:split-1
projected_resilience_of_asset-c072,267,74,74,Upgrade and harden government data centers for disaster resilience,resilience_of_asset,0.3295,benefit connecting mdas servants beneficiaries improved universities officials ability institutions offices individuals,32108178:p00251:c16:split-1|33985963:p00267:c11:split-1|33937854:p00221:c07:split-1|40072597:p00173:c22:split-1|32527137:p00208:c02:split-1
projected_resilience_of_asset-c077,265,65,65,Address algorithmic fairness and gender exclusion risks in social protection targeting systems,resilience_of_asset,0.4625,abuse confidential exploitation sexual trafficking harassment gbv discrimination sh disability peoples child,32971756:p00324:c05:split-1|32527137:p00280:c15:split-1|33937854:p00307:c06:split-1|32159893:p00527:c05:split-1|40013198:p00217:c09:split-1
projected_resilience_of_asset-c102,265,65,65,Diversify equipment vendor dependencies for telecom supply chain resilience,resilience_of_asset,0.2745,leakages eliminating reduces errors save yield numerous fraud reducing transaction savings duplication,34049898:p00239:c07:split-1|32971756:p00639:c07:split-1|33844146:p00288:c08:split-1|33191006:p00310:c01:split-1|33421881:p00128:c10:split-1
projected_resilience_of_asset-c134,265,63,63,Monitor climate vulnerability of digital infrastructure using geospatial and climate projection data,resilience_of_asset,0.6134,resistant resilient carbon hotspots climate adaptation deploying resilience green disaster proof incorporate,34388773:p00275:c06:split-1|40052992:p00265:c02:split-1|33118666:p00263:c16:split-1|34428613:p00121:c05:split-1|32971756:p00258:c02:split-1
projected_resilience_of_asset-c014,264,79,79,Design oversight and transparency frameworks for parametric trigger calibration and basis risk,digital_for_resilience,0.3176,annexes budgets awpb staffing budgeting detail annual risa plans sop pim roles,34049898:p00396:c03:split-1|34370345:p00062:c11:split-1|31167658:p00444:c03:split-1|34204848:p00311:c04:split-1|33815663:p00436:c02:split-1
projected_resilience_of_asset-c076,264,61,61,Address algorithmic fairness and gender exclusion risks in social protection targeting systems,resilience_of_asset,0.4627,lens ambassadors pwds bridging harmful elderly girls modules gender harassment literacy female,34310682:p00159:c05:split-1|31866361:p00200:c07:split-1|33937854:p00520:c17:split-1|34428613:p00193:c05:split-1|33835349:p00236:c01:split-1
projected_resilience_of_asset-c151,264,79,79,Establish national cybersecurity frameworks and CERTs for critical digital infrastructure,resilience_of_asset,0.4299,cybercrime csirt convention cybersecurity cyber incident threats computer teams itu partnerships legislation,32626249:p00359:c06:split-1|33822742:p00417:c27:split-1|33835348:p00218:c09:split-1|40013198:p00247:c06:split-1|32527137:p00170:c06:split-1
projected_resilience_of_asset-c089,263,87,87,Upgrade and harden government data centers for disaster resilience,resilience_of_asset,0.2680,valued overruns budgeted originally billion million total approximately pcm estimated amount computing,33815663:p00318:c07:split-1|33815663:p00347:c03:split-1|34201758:p00229:c18:split-1|31866361:p00261:c18:split-1|34201758:p00229:c29:split-1
projected_resilience_of_asset-c067,259,74,74,Develop national fiber pooling and open access policies for resilient connectivity,resilience_of_asset,0.2749,prosperity diversification goals boosting sustainable outcomes competitiveness contributing cpf human addressing strengthening,34429409:p00127:c03:split-1|34394311:p00113:c10:split-1|33985963:p00153:c24:split-1|32527137:p00147:c04:split-1|34254903:p00115:c07:split-1
projected_resilience_of_asset-c030,258,103,103,Develop sovereign cloud and data residency policies for government continuity,resilience_of_asset,0.3037,elections election cabinet gou bill parliament goe gos reform request requested grenada,40045816:p00410:c31:split-1|34030165:p00030:c01:split-1|34004583:p00023:c21:split-1|40100650:p00054:c04:split-1|40080119:p00236:c10:split-1
projected_resilience_of_asset-c143,257,79,79,Design oversight and transparency frameworks for parametric trigger calibration and basis risk,digital_for_resilience,0.2334,wherever requiring feasible need requires necessary required able applicable possible needs needed,33867703:p00029:c12:split-1|33191006:p00160:c09:split-1|40110459:p00389:c03:split-1|33107441:p00175:c07:split-1|31747152:p00682:c18:split-1
projected_resilience_of_asset-c009,255,103,103,Establish data protection and consent protocols for beneficiary registries used in emergency disbursements,resilience_of_asset,0.3188,directors disclosed website subsidiary combating executive april cleared covenants board approved november,33862093:p00362:c09:split-1|32527137:p00343:c02:split-1|32159893:p00263:c22:split-1|40100650:p00035:c02:split-1|32159893:p00266:c05:split-1
projected_resilience_of_asset-c095,255,78,78,Incorporate resilience standards and climate screening in telecom infrastructure procurement,resilience_of_asset,0.3404,feasibility explored ppps studies ppp options preparatory study bottlenecks mapping models ppa,32093931:p00266:c01:split-1|40052992:p00248:c12:split-1|40087727:p00184:c05:split-1|34194833:p00245:c07:split-1|40110459:p00350:c09:split-1
projected_resilience_of_asset-c043,253,70,70,Develop and regularly test government ICT business continuity and disaster recovery plans,resilience_of_asset,0.3451,reengineering enterprise architecture migration ii vi iii improvement centric portal interoperability iv,34460895:p00129:c07:split-1|40100544:p00139:c03:split-1|34443340:p00040:c05:split-1|33835348:p00218:c07:split-1|34428613:p00165:c04:split-1
projected_resilience_of_asset-c119,252,91,91,Develop and regularly test government ICT business continuity and disaster recovery plans,resilience_of_asset,0.2205,downgraded ms moderately isr unsatisfactory ip ratings satisfactory upgraded progress towards pdo,40048754:p00038:c01:split-1|40119486:p00010:c01:split-1|40013198:p00148:c01:split-1|33867703:p00024:c08:split-1|40034355:p00046:c01:split-1
projected_resilience_of_asset-c028,251,75,75,Establish data protection and consent protocols for beneficiary registries used in emergency disbursements,resilience_of_asset,0.3534,grs http anticorruption please visit combating worldbank www org preventing complaints anti,34428613:p00246:c06:split-1|32093931:p00377:c04:split-1|34327188:p00243:c07:split-1|34049907:p00456:c10:split-1|33753850:p00345:c05:split-1
projected_resilience_of_asset-c148,250,62,62,Address algorithmic fairness and gender exclusion risks in social protection targeting systems,resilience_of_asset,0.4496,devoted lens equality gender pillars equal gbv sensitive voice bodies empowerment equity,40013198:p00222:c08:split-1|33937854:p00308:c02:split-1|33191006:p00217:c01:split-1|33421881:p00181:c11:split-1|32093931:p00388:c22:split-1
projected_resilience_of_asset-c044,249,65,65,Develop and regularly test government ICT business continuity and disaster recovery plans,resilience_of_asset,0.2627,workshops cert officers servants professionals building officials iv hiring conducting vi partnerships,33862093:p00212:c08:split-1|33107441:p00201:c08:split-1|33602788:p00500:c05:split-1|33118666:p00263:c14:split-1|34228623:p00186:c09:split-1
projected_resilience_of_asset-c129,248,56,56,Address algorithmic fairness and gender exclusion risks in social protection targeting systems,resilience_of_asset,0.3806,stereotypes pronounced restrictive inequalities disparities harmful norms harassment barrier stem persistent behind,33835348:p00141:c01:split-1|34338772:p00784:c19:split-1|34194833:p00109:c01:split-1|33835349:p00146:c05:split-1|33835348:p00141:c11:split-1
projected_resilience_of_asset-c020,246,94,94,Incorporate resilience standards and climate screening in telecom infrastructure procurement,resilience_of_asset,0.2722,outlive life continue works implemented planned scope period original throughout construction civil,31866361:p00402:c29:split-1|34059801:p00051:c11:split-1|40034360:p00233:c41:split-1|32093931:p00303:c05:split-1|34204848:p00271:c02:split-1
projected_resilience_of_asset-c159,246,96,96,Upgrade and harden government data centers for disaster resilience,resilience_of_asset,0.2565,allocated expenditures funding cover funds eligible grants fund budget operating grant maintenance,40115059:p00675:c02:split-1|40037981:p00061:c02:split-1|34295403:p00129:c06:split-1|33107441:p00214:c04:split-1|33859017:p00025:c06:split-1
projected_resilience_of_asset-c051,245,70,70,Diversify equipment vendor dependencies for telecom supply chain resilience,resilience_of_asset,0.2737,kt cri subscribers retail argentina subscriptions share isps fixed operator km telecom,40110459:p00212:c07:split-1|33107441:p00137:c03:split-1|34254903:p00096:c16:split-1|33937854:p00136:c03:split-1|32527137:p00251:c07:split-1
projected_resilience_of_asset-c037,243,60,60,Address algorithmic fairness and gender exclusion risks in social protection targeting systems,resilience_of_asset,0.4558,pwds disabled marginalized elderly disabilities disability attention groups targeting indigenous persons youth,34196134:p00173:c02:split-1|32971756:p00568:c17:split-1|40072597:p00179:c12:split-1|32159893:p00527:c06:split-1|33706639:p00291:c07:split-1
projected_resilience_of_asset-c105,243,77,77,Upgrade and harden government data centers for disaster resilience,resilience_of_asset,0.1911,grow projected percent respectively gdp percentage reach middle average approximately about around,40109413:p00052:c21:split-1|32159893:p00507:c07:split-1|31167658:p00648:c05:split-1|40013198:p00225:c05:split-1|34049907:p00586:c08:split-1
projected_resilience_of_asset-c147,243,82,82,Upgrade and harden government data centers for disaster resilience,resilience_of_asset,0.3267,renovation buildings rehabilitation solar require facilities construction designed need additional necessary needed,40082999:p00043:c20:split-1|32108178:p00323:c10:split-1|33812956:p00345:c05:split-1|31866361:p00143:c11:split-1|33830968:p00143:c06:split-1
projected_resilience_of_asset-c096,240,66,66,Develop national fiber pooling and open access policies for resilient connectivity,resilience_of_asset,0.2328,telegeography mbps lags ranked ranks itu index ranking th un behind telecommunication,34394311:p00091:c04:split-1|32321387:p00359:c04:split-1|34254903:p00095:c14:split-1|34022655:p00149:c09:split-1|33830968:p00137:c07:split-1
projected_resilience_of_asset-c032,236,85,85,Upgrade and harden government data centers for disaster resilience,resilience_of_asset,0.3409,eur unguaranteed ibrd equivalent million ida installation backbone financing estimated loan grant,34228623:p00180:c02:split-1|34049907:p00223:c02:split-1|34460895:p00120:c02:split-1|33815663:p00237:c02:split-1|34194833:p00240:c02:split-1
projected_resilience_of_asset-c114,232,78,78,Incorporate resilience standards and climate screening in telecom infrastructure procurement,resilience_of_asset,0.3920,esias esmps subprojects resettlement grm contractors grievance redress esmp rpf screening sep,33815663:p00373:c01:split-1|33835349:p00275:c10:split-1|34049907:p00283:c11:split-1|33118666:p00314:c11:split-1|34131348:p00246:c10:split-1
projected_resilience_of_asset-c005,231,95,95,Incorporate resilience standards and climate screening in telecom infrastructure procurement,resilience_of_asset,0.3401,furniture vehicles procured rooms procurements minor works consultant equipment installation acquisition rehabilitation,40017533:p00181:c01:split-1|32093931:p00289:c09:split-1|40126632:p00018:c15:split-1|33602788:p00426:c02:split-1|32093931:p00377:c09:split-1
projected_resilience_of_asset-c131,229,81,81,Upgrade and harden government data centers for disaster resilience,resilience_of_asset,0.3216,whr equivalent million ibrd centric enablers ida enabling environment foundations original enhancing,40072597:p00126:c01:split-1|32093931:p00190:c01:split-1|32971756:p00519:c09:split-1|33421881:p00167:c06:split-1|33844146:p00205:c06:split-1
projected_resilience_of_asset-c123,224,74,74,Upgrade and harden government data centers for disaster resilience,resilience_of_asset,0.2726,reallocating reallocate reallocated reallocation allocations ilap sequence allocation categories cancelled cancellation estimates,40037981:p00043:c10:split-1|40099485:p00052:c01:split-1|40099485:p00034:c10:split-1|34380807:p00043:c04:split-1|34325711:p00034:c01:split-1
projected_resilience_of_asset-c122,223,64,64,Incorporate resilience standards and climate screening in telecom infrastructure procurement,resilience_of_asset,0.4025,mini grids wind battery circular renewable solar clean powered grid sources energy,34049907:p00540:c03:split-1|40042661:p00187:c10:split-1|40109413:p00154:c03:split-1|33602788:p00469:c08:split-1|40052992:p00162:c06:split-1
projected_resilience_of_asset-c133,223,58,58,Address algorithmic fairness and gender exclusion risks in social protection targeting systems,resilience_of_asset,0.3049,maternal prevalence latin parity inequality equality ssa marriage ranks saharan pdf births,33786588:p00133:c03:split-1|32971756:p00128:c01:split-1|32527137:p00414:c08:split-1|33985963:p00269:c04:split-1|33985963:p00122:c10:split-1
projected_resilience_of_asset-c022,218,77,77,Incorporate resilience standards and climate screening in telecom infrastructure procurement,resilience_of_asset,0.3236,staffed senior specialist division officer experts department procurement staffing hiring recruitment charge,33830968:p00425:c04:split-1|33835348:p00431:c06:split-1|33835348:p00453:c08:split-1|33813209:p00316:c05:split-1|33815663:p00391:c18:split-1
projected_resilience_of_asset-c145,218,75,75,Incorporate resilience standards and climate screening in telecom infrastructure procurement,resilience_of_asset,0.3347,familiar qualifications experience hands post trained reviews step exchanges regulations procurement world,34310682:p00336:c02:split-1|40037981:p00070:c13:split-1|34194833:p00354:c05:split-1|40072597:p00198:c02:split-1|40039972:p00040:c03:split-1
projected_resilience_of_asset-c075,216,68,68,Incorporate resilience standards and climate screening in telecom infrastructure procurement,resilience_of_asset,0.3143,inadequate delays insufficient house slow weak poor complexity contract lack procurement limited,34254903:p00193:c04:split-1|34049907:p00510:c10:split-1|32971756:p00467:c05:split-1|34194833:p00359:c01:split-1|34196069:p00448:c02:split-1
projected_resilience_of_asset-c103,215,79,79,Incorporate resilience standards and climate screening in telecom infrastructure procurement,resilience_of_asset,0.2407,restructurings restructuring restructured proposes processed cancellation second seeks partial dated approval request,40110522:p00051:c07:split-1|40105675:p00125:c19:split-1|34443340:p00037:c04:split-1|34357064:p00029:c04:split-1|40031410:p00053:c05:split-1
projected_resilience_of_asset-c152,212,89,89,Design oversight and transparency frameworks for parametric trigger calibration and basis risk,digital_for_resilience,0.2045,cancelled summary af priority selected time proposed key regional new implementation,34357064:p00030:c17:split-1|34327188:p00149:c12:split-1|40099485:p00037:c04:split-1|34201758:p00190:c02:split-1|32093931:p00160:c16:split-1
projected_resilience_of_asset-c034,210,67,67,Address algorithmic fairness and gender exclusion risks in social protection targeting systems,resilience_of_asset,0.4800,disaggregated sex gender notes identifies measure experiences gaps statistics collection analysis informed,32626249:p00358:c06:split-1|40110459:p00339:c06:split-1|32971756:p00679:c02:split-1|31866361:p00148:c10:split-1|31167658:p00326:c03:split-1
projected_resilience_of_asset-c035,210,71,71,Build redundancy in payment processing infrastructure with backup and failover systems,resilience_of_asset,0.3169,proper pay controls cash purposes processing payment maintain accountability manage flow timely,34049907:p00460:c08:split-1|34049907:p00471:c07:split-1|40031410:p00129:c10:split-1|32971756:p00393:c12:split-1|33753850:p00138:c07:split-1
projected_resilience_of_asset-c136,207,77,77,Incorporate resilience standards and climate screening in telecom infrastructure procurement,resilience_of_asset,0.2475,closing date extend formally june extension august month extended closure became months,40095037:p00139:c03:split-1|34428382:p00041:c04:split-1|40109413:p00086:c05:split-1|34295403:p00083:c03:split-1|34440132:p00050:c01:split-1
projected_resilience_of_asset-c045,203,68,68,Design interoperability and portability standards for digital financial services,resilience_of_asset,0.3184,usf universal scheme device fund subsidies ppp grant implement affordable recovery beneficiary,33753850:p00243:c18:split-1|33602788:p00211:c02:split-1|31866282:p00108:c03:split-1|34022655:p00376:c06:split-1|40042661:p00122:c16:split-1
projected_resilience_of_asset-c093,201,76,76,Incorporate resilience standards and climate screening in telecom infrastructure procurement,resilience_of_asset,0.3639,rating rated assessed residual substantial risk moderate moderately procurement overall mitigation assessment,33812956:p00289:c02:split-1|31866361:p00303:c03:split-1|32321387:p00256:c07:split-1|34394311:p00201:c01:split-1|31747152:p00355:c15:split-1
projected_resilience_of_asset-c049,197,65,65,Address algorithmic fairness and gender exclusion risks in social protection targeting systems,resilience_of_asset,0.3344,females female women headed men disabilities likely gender persons number based use,34310682:p00121:c02:split-1|34196134:p00137:c08:split-1|32159893:p00144:c02:split-1|34196134:p00116:c05:split-1|33835349:p00151:c14:split-1
projected_resilience_of_asset-c117,195,58,58,Address algorithmic fairness and gender exclusion risks in social protection targeting systems,resilience_of_asset,0.4551,empowering bridging divide equality girls gender equal stem disparities gap participation women,32093931:p00296:c10:split-1|33822742:p00154:c12:split-1|40013198:p00299:c35:split-1|33835348:p00326:c08:split-1|34131348:p00160:c10:split-1
projected_resilience_of_asset-c108,192,77,77,Develop and regularly test government ICT business continuity and disaster recovery plans,resilience_of_asset,0.3273,subcomponents enablers centric foundations architecture shared portal interoperability government frameworks platforms foundational,34022655:p00189:c07:split-1|40017533:p00204:c11:split-1|40105151:p00232:c02:split-1|40027697:p00174:c06:split-1|40037981:p00038:c01:split-1
projected_resilience_of_asset-c002,177,61,61,Incorporate resilience standards and climate screening in telecom infrastructure procurement,resilience_of_asset,0.3068,upgrading purchase bandwidth ii equipment acquisition hardware feasibility payment shared financing software,34049907:p00615:c01:split-1|34196069:p00177:c17:split-1|40045816:p00179:c01:split-1|34228623:p00194:c08:split-1|34049907:p00599:c01:split-1
projected_resilience_of_asset-c120,160,77,77,Incorporate resilience standards and climate screening in telecom infrastructure procurement,resilience_of_asset,0.3267,procurements delayed packages delays stages contracting awarded procured contracts bidding signed contract,34203125:p00037:c03:split-1|33118666:p00306:c17:split-1|34192090:p00051:c08:split-1|40087727:p00257:c02:split-1|40028045:p00139:c08:split-1
projected_resilience_of_asset-c024,144,58,58,Incorporate resilience standards and climate screening in telecom infrastructure procurement,resilience_of_asset,0.3535,sanction satisfy limitation directive inspection anti objection right ipf corruption compliance minimum,34228623:p00260:c07:split-1|34196069:p00313:c23:split-1|33835348:p00356:c13:split-1|33830968:p00422:c07:split-1|34228623:p00281:c13:split-1
projected_resilience_of_asset-c039,143,55,55,Address algorithmic fairness and gender exclusion risks in social protection targeting systems,resilience_of_asset,0.2348,cri men versus compared internet female percentage georgia usage percent users gap,34429409:p00108:c02:split-1|33835348:p00141:c08:split-1|40013198:p00345:c13:split-1|40081960:p00105:c08:split-1|34131348:p00145:c12:split-1
