measure_name,direction,representation,nearest_cluster,cosine,cluster_size
Ensure cybersecurity of digital payment platforms and mobile money rails,resilience_of_asset,raw,raw-c042,0.6280,366
Build redundancy in payment processing infrastructure with backup and failover systems,resilience_of_asset,raw,raw-c048,0.5594,343
Strengthen mobile money agent network resilience for cash-out during disruptions,resilience_of_asset,raw,raw-c220,0.6248,255
Protect digital land registries and property records from data loss,resilience_of_asset,raw,raw-c163,0.4510,310
Deploy shock-responsive G2P digital payment systems linked to national ID and social registries,digital_for_resilience,raw,raw-c039,0.6229,206
"Enable digital credit, savings, and microinsurance products to build household liquidity buffers",digital_for_resilience,raw,raw-c088,0.6633,211
Scale mobile money for post-disaster person-to-person remittances,digital_for_resilience,raw,raw-c220,0.6342,255
Digitize land registries and property records to protect asset ownership through crises,digital_for_resilience,raw,raw-c148,0.5203,436
Establish data protection and consent protocols for beneficiary registries used in emergency disbursements,resilience_of_asset,raw,raw-c148,0.6021,436
Design interoperability and portability standards for digital financial services,resilience_of_asset,raw,raw-c088,0.6244,211
Address algorithmic fairness and gender exclusion risks in social protection targeting systems,resilience_of_asset,raw,raw-c284,0.6014,429
Establish financial consumer protection frameworks for digital lending during crises,digital_for_resilience,raw,raw-c088,0.6205,211
Build redundant communication networks with satellite backup and diverse routing for early warning dissemination,resilience_of_asset,raw,raw-c108,0.6059,174
"Harden weather monitoring sensors, IoT devices, and satellite ground stations against physical hazards",resilience_of_asset,raw,raw-c108,0.5123,174
Deploy satellite-based telemetry as backup for hydromet observation networks,resilience_of_asset,raw,raw-c108,0.4686,174
"Deploy multi-channel early warning dissemination combining cell broadcast, SMS, apps, and radio",digital_for_resilience,raw,raw-c079,0.5309,267
Build agromet advisory platforms delivering weather-indexed farming guidance via digital channels,digital_for_resilience,raw,raw-c163,0.5079,310
Implement real-time environmental monitoring using earth observation and ground sensor networks,digital_for_resilience,raw,raw-c020,0.4783,208
Build decision support systems for anticipatory action integrating multiple data sources,digital_for_resilience,raw,raw-c020,0.5514,208
Deploy flood forecasting models using hydrological and meteorological data,digital_for_resilience,raw,raw-c020,0.4368,208
Deploy crowdsourced disaster reporting and social media monitoring for situational awareness,digital_for_resilience,raw,raw-c079,0.5582,267
Establish verified official communication protocols to counter misinformation during crises,digital_for_resilience,raw,raw-c079,0.5114,267
Adopt Common Alerting Protocol (CAP) for standardized multi-channel warnings,resilience_of_asset,raw,raw-c000,0.4632,352
Create open data standards and sharing agreements for hazard and exposure data across agencies,digital_for_resilience,raw,raw-c020,0.5875,208
Implement sovereign parametric insurance using satellite and sensor triggers for rapid payouts,digital_for_resilience,raw,raw-c271,0.4950,480
Deploy index-based agricultural insurance using earth observation data for farmer-level payouts,digital_for_resilience,raw,raw-c271,0.4406,480
Design Cat DDO trigger mechanisms linked to digital connectivity and data infrastructure,digital_for_resilience,raw,raw-c163,0.5904,310
Deploy rapid post-disaster damage and loss assessment using earth observation and remote sensing,digital_for_resilience,raw,raw-c079,0.5218,267
Deploy rapid post-disaster damage and loss assessment using earth observation and remote sensing (infrastructure),digital_for_resilience,raw,raw-c079,0.5518,267
Design oversight and transparency frameworks for parametric trigger calibration and basis risk,digital_for_resilience,raw,raw-c182,0.5423,282
Develop governance frameworks for disputed satellite data and trigger verification post-disaster,digital_for_resilience,raw,raw-c069,0.4969,493
Harden telecom towers and base stations against physical hazards,resilience_of_asset,raw,raw-c108,0.6407,174
Build submarine cable redundancy through diverse routing,resilience_of_asset,raw,raw-c041,0.5473,336
Design ring and mesh fiber topology for national network resilience,resilience_of_asset,raw,raw-c200,0.6019,328
Establish emergency power backup for critical digital infrastructure,resilience_of_asset,raw,raw-c108,0.5604,174
Upgrade and harden government data centers for disaster resilience,resilience_of_asset,raw,raw-c302,0.6638,278
Deploy climate-resilient fiber-to-the-premises in hazard-prone areas,resilience_of_asset,raw,raw-c108,0.7308,174
Diversify equipment vendor dependencies for telecom supply chain resilience,resilience_of_asset,raw,raw-c111,0.5148,578
Use digital twins and simulation models for infrastructure stress testing,resilience_of_asset,raw,raw-c163,0.4876,310
Implement GIS-based infrastructure mapping for resilience planning and asset management,resilience_of_asset,raw,raw-c163,0.6110,310
Monitor climate vulnerability of digital infrastructure using geospatial and climate projection data,resilience_of_asset,raw,raw-c163,0.7346,310
Deploy smart grid and digital energy management systems for resilient power supply,resilience_of_asset,raw,raw-c163,0.5776,310
Establish infrastructure sharing and emergency roaming policies between telecom operators,resilience_of_asset,raw,raw-c162,0.6473,295
Develop national emergency telecommunications plans and spectrum sharing mandates,resilience_of_asset,raw,raw-c162,0.5632,295
Incorporate resilience standards and climate screening in telecom infrastructure procurement,resilience_of_asset,raw,raw-c163,0.6379,310
Develop national fiber pooling and open access policies for resilient connectivity,resilience_of_asset,raw,raw-c187,0.6678,378
Establish national cybersecurity frameworks and CERTs for critical digital infrastructure,resilience_of_asset,raw,raw-c255,0.6837,338
Ensure emergency coordination platforms have offline capability and backup power,resilience_of_asset,raw,raw-c063,0.5586,453
Build resilient ICT and redundant communications for emergency operations centers,resilience_of_asset,raw,raw-c063,0.5718,453
Pre-position satellite communications for government use during terrestrial network failure,resilience_of_asset,raw,raw-c136,0.5386,430
Establish disaster recovery sites and government cloud resilience for continuity of digital services,resilience_of_asset,raw,raw-c302,0.6682,278
Ensure health facility ICT systems have backup power and connectivity for continuity,resilience_of_asset,raw,raw-c063,0.5757,453
Build digital coordination platforms for multi-agency emergency response and aid logistics,digital_for_resilience,raw,raw-c079,0.6020,267
Deploy telemedicine and digital health platforms for continued healthcare access during crises,digital_for_resilience,raw,raw-c079,0.5731,267
"Deploy precision agriculture tools combining sensors, GPS, and analytics for climate-resilient farming",digital_for_resilience,raw,raw-c020,0.4569,208
Deploy digital agriculture extension services for advisory and market access,digital_for_resilience,raw,raw-c088,0.5593,211
"Implement AI and satellite-based measurement, reporting, and verification for climate commitments",digital_for_resilience,raw,raw-c216,0.5057,182
Deploy digital platforms for emergency cash mobilization via mobile money,digital_for_resilience,raw,raw-c220,0.6463,255
Deploy digital education continuity platforms for remote learning during crises,digital_for_resilience,raw,raw-c267,0.5237,386
Optimize humanitarian supply chain and last-mile aid delivery using digital logistics platforms,digital_for_resilience,raw,raw-c102,0.4358,384
Design digital inclusion safeguards ensuring crisis response reaches populations without connectivity or devices,resilience_of_asset,raw,raw-c033,0.6107,309
Establish digital accessibility standards for persons with disabilities in crisis services,resilience_of_asset,raw,raw-c079,0.5053,267
Establish data protection standards for emergency beneficiary targeting and cross-agency data sharing,resilience_of_asset,raw,raw-c067,0.5821,152
Develop interoperability standards across humanitarian and government digital response systems,resilience_of_asset,raw,raw-c020,0.6158,208
Build misinformation rapid-response protocols for crisis communications,digital_for_resilience,raw,raw-c079,0.5116,267
Address algorithmic accountability in emergency resource allocation systems,resilience_of_asset,raw,raw-c079,0.4872,267
Build digital business continuity capacity for SMEs and micro-enterprises,digital_for_resilience,raw,raw-c293,0.5907,346
Issue digital identity credentials to displaced and crisis-affected populations lacking documentation,digital_for_resilience,raw,raw-c306,0.6364,348
Design social registries with dynamic expansion capability for rapid shock response,digital_for_resilience,raw,raw-c079,0.5192,267
Deploy digital disease surveillance and epidemic intelligence platforms,digital_for_resilience,raw,raw-c020,0.4739,208
Build digital food security early warning and anticipatory action systems,digital_for_resilience,raw,raw-c163,0.5100,310
"Develop urban geospatial risk data platforms integrating hazard, exposure, and vulnerability layers",digital_for_resilience,raw,raw-c020,0.5429,208
Deploy AI and machine learning models for disaster nowcasting and short-range prediction,digital_for_resilience,raw,raw-c271,0.4559,480
Deploy AI-automated building-level damage assessment using satellite and drone imagery,digital_for_resilience,raw,raw-c163,0.4116,310
Use anonymized mobile network data for real-time population displacement tracking during disasters,digital_for_resilience,raw,raw-c079,0.4804,267
Support community-owned mesh networks and locally maintained connectivity infrastructure,resilience_of_asset,raw,raw-c200,0.5857,328
Deploy SCADA and IoT monitoring systems for water utility resilience,digital_for_resilience,raw,raw-c115,0.4410,402
Install digital instrumentation and remote monitoring for dam safety,digital_for_resilience,raw,raw-c163,0.4514,310
Implement digital platforms for port and maritime supply chain resilience,digital_for_resilience,raw,raw-c235,0.5395,382
"Establish sector-specific OT cybersecurity frameworks for energy, water, and transport systems",resilience_of_asset,raw,raw-c042,0.5511,366
Develop cybersecurity governance and data protection frameworks for health sector digital systems,resilience_of_asset,raw,raw-c224,0.6291,225
Establish regulatory frameworks for LEO satellite connectivity as emergency backup,resilience_of_asset,raw,raw-c162,0.5429,295
Develop sovereign cloud and data residency policies for government continuity,resilience_of_asset,raw,raw-c302,0.6387,278
Establish regional frameworks for cross-border digital resilience cooperation,resilience_of_asset,raw,raw-c081,0.6059,248
Integrate digital climate risk analytics into public financial management systems,digital_for_resilience,raw,raw-c163,0.6437,310
Develop and regularly test government ICT business continuity and disaster recovery plans,resilience_of_asset,raw,raw-c063,0.5636,453
Provide emergency connectivity to displaced populations in humanitarian settings,digital_for_resilience,raw,raw-c313,0.5800,638
Deploy digital tools for climate-adapted livestock management and pastoral early warning,digital_for_resilience,raw,raw-c163,0.6015,310
Deploy rapid digital household welfare tracking for post-disaster needs assessment,digital_for_resilience,raw,raw-c079,0.5672,267
Ensure cybersecurity of digital payment platforms and mobile money rails,resilience_of_asset,projected,projected-c284,0.5090,269
Build redundancy in payment processing infrastructure with backup and failover systems,resilience_of_asset,projected,projected-c284,0.4583,269
Strengthen mobile money agent network resilience for cash-out during disruptions,resilience_of_asset,projected,projected-c284,0.4541,269
Protect digital land registries and property records from data loss,resilience_of_asset,projected,projected-c173,0.2617,385
Deploy shock-responsive G2P digital payment systems linked to national ID and social registries,digital_for_resilience,projected,projected-c266,0.5028,375
"Enable digital credit, savings, and microinsurance products to build household liquidity buffers",digital_for_resilience,projected,projected-c054,0.5433,420
Scale mobile money for post-disaster person-to-person remittances,digital_for_resilience,projected,projected-c054,0.4590,420
Digitize land registries and property records to protect asset ownership through crises,digital_for_resilience,projected,projected-c119,0.3333,276
Establish data protection and consent protocols for beneficiary registries used in emergency disbursements,resilience_of_asset,projected,projected-c283,0.4946,335
Design interoperability and portability standards for digital financial services,resilience_of_asset,projected,projected-c054,0.4992,420
Address algorithmic fairness and gender exclusion risks in social protection targeting systems,resilience_of_asset,projected,projected-c174,0.4684,363
Establish financial consumer protection frameworks for digital lending during crises,digital_for_resilience,projected,projected-c054,0.4989,420
Build redundant communication networks with satellite backup and diverse routing for early warning dissemination,resilience_of_asset,projected,projected-c032,0.4173,296
"Harden weather monitoring sensors, IoT devices, and satellite ground stations against physical hazards",resilience_of_asset,projected,projected-c099,0.3001,309
Deploy satellite-based telemetry as backup for hydromet observation networks,resilience_of_asset,projected,projected-c122,0.3396,250
"Deploy multi-channel early warning dissemination combining cell broadcast, SMS, apps, and radio",digital_for_resilience,projected,projected-c184,0.3682,227
Build agromet advisory platforms delivering weather-indexed farming guidance via digital channels,digital_for_resilience,projected,projected-c186,0.4534,326
Implement real-time environmental monitoring using earth observation and ground sensor networks,digital_for_resilience,projected,projected-c122,0.3493,250
Build decision support systems for anticipatory action integrating multiple data sources,digital_for_resilience,projected,projected-c122,0.3312,250
Deploy flood forecasting models using hydrological and meteorological data,digital_for_resilience,projected,projected-c122,0.2851,250
Deploy crowdsourced disaster reporting and social media monitoring for situational awareness,digital_for_resilience,projected,projected-c000,0.3551,240
Establish verified official communication protocols to counter misinformation during crises,digital_for_resilience,projected,projected-c184,0.3319,227
Adopt Common Alerting Protocol (CAP) for standardized multi-channel warnings,resilience_of_asset,projected,projected-c184,0.3135,227
Create open data standards and sharing agreements for hazard and exposure data across agencies,digital_for_resilience,projected,projected-c169,0.4002,228
Implement sovereign parametric insurance using satellite and sensor triggers for rapid payouts,digital_for_resilience,projected,projected-c246,0.3242,463
Deploy index-based agricultural insurance using earth observation data for farmer-level payouts,digital_for_resilience,projected,projected-c186,0.4168,326
Design Cat DDO trigger mechanisms linked to digital connectivity and data infrastructure,digital_for_resilience,projected,projected-c173,0.3709,385
Deploy rapid post-disaster damage and loss assessment using earth observation and remote sensing,digital_for_resilience,projected,projected-c124,0.2482,298
Deploy rapid post-disaster damage and loss assessment using earth observation and remote sensing (infrastructure),digital_for_resilience,projected,projected-c099,0.2725,309
Design oversight and transparency frameworks for parametric trigger calibration and basis risk,digital_for_resilience,projected,projected-c187,0.4314,296
Develop governance frameworks for disputed satellite data and trigger verification post-disaster,digital_for_resilience,projected,projected-c067,0.3150,298
Harden telecom towers and base stations against physical hazards,resilience_of_asset,projected,projected-c173,0.4317,385
Build submarine cable redundancy through diverse routing,resilience_of_asset,projected,projected-c032,0.4884,296
Design ring and mesh fiber topology for national network resilience,resilience_of_asset,projected,projected-c032,0.4514,296
Establish emergency power backup for critical digital infrastructure,resilience_of_asset,projected,projected-c173,0.3293,385
Upgrade and harden government data centers for disaster resilience,resilience_of_asset,projected,projected-c173,0.5908,385
Deploy climate-resilient fiber-to-the-premises in hazard-prone areas,resilience_of_asset,projected,projected-c173,0.5778,385
Diversify equipment vendor dependencies for telecom supply chain resilience,resilience_of_asset,projected,projected-c032,0.3987,296
Use digital twins and simulation models for infrastructure stress testing,resilience_of_asset,projected,projected-c173,0.2963,385
Implement GIS-based infrastructure mapping for resilience planning and asset management,resilience_of_asset,projected,projected-c173,0.4243,385
Monitor climate vulnerability of digital infrastructure using geospatial and climate projection data,resilience_of_asset,projected,projected-c173,0.5799,385
Deploy smart grid and digital energy management systems for resilient power supply,resilience_of_asset,projected,projected-c206,0.3645,389
Establish infrastructure sharing and emergency roaming policies between telecom operators,resilience_of_asset,projected,projected-c304,0.4724,244
Develop national emergency telecommunications plans and spectrum sharing mandates,resilience_of_asset,projected,projected-c184,0.4245,227
Incorporate resilience standards and climate screening in telecom infrastructure procurement,resilience_of_asset,projected,projected-c173,0.5746,385
Develop national fiber pooling and open access policies for resilient connectivity,resilience_of_asset,projected,projected-c304,0.4541,244
Establish national cybersecurity frameworks and CERTs for critical digital infrastructure,resilience_of_asset,projected,projected-c004,0.4233,714
Ensure emergency coordination platforms have offline capability and backup power,resilience_of_asset,projected,projected-c300,0.3722,293
Build resilient ICT and redundant communications for emergency operations centers,resilience_of_asset,projected,projected-c184,0.3635,227
Pre-position satellite communications for government use during terrestrial network failure,resilience_of_asset,projected,projected-c300,0.3472,293
Establish disaster recovery sites and government cloud resilience for continuity of digital services,resilience_of_asset,projected,projected-c032,0.4414,296
Ensure health facility ICT systems have backup power and connectivity for continuity,resilience_of_asset,projected,projected-c032,0.3584,296
Build digital coordination platforms for multi-agency emergency response and aid logistics,digital_for_resilience,projected,projected-c184,0.3870,227
Deploy telemedicine and digital health platforms for continued healthcare access during crises,digital_for_resilience,projected,projected-c300,0.4229,293
"Deploy precision agriculture tools combining sensors, GPS, and analytics for climate-resilient farming",digital_for_resilience,projected,projected-c186,0.4670,326
Deploy digital agriculture extension services for advisory and market access,digital_for_resilience,projected,projected-c186,0.5673,326
"Implement AI and satellite-based measurement, reporting, and verification for climate commitments",digital_for_resilience,projected,projected-c122,0.4735,250
Deploy digital platforms for emergency cash mobilization via mobile money,digital_for_resilience,projected,projected-c054,0.4608,420
Deploy digital education continuity platforms for remote learning during crises,digital_for_resilience,projected,projected-c069,0.3697,403
Optimize humanitarian supply chain and last-mile aid delivery using digital logistics platforms,digital_for_resilience,projected,projected-c183,0.2793,233
Design digital inclusion safeguards ensuring crisis response reaches populations without connectivity or devices,resilience_of_asset,projected,projected-c200,0.4121,429
Establish digital accessibility standards for persons with disabilities in crisis services,resilience_of_asset,projected,projected-c184,0.3544,227
Establish data protection standards for emergency beneficiary targeting and cross-agency data sharing,resilience_of_asset,projected,projected-c157,0.4900,264
Develop interoperability standards across humanitarian and government digital response systems,resilience_of_asset,projected,projected-c169,0.4135,228
Build misinformation rapid-response protocols for crisis communications,digital_for_resilience,projected,projected-c184,0.3739,227
Address algorithmic accountability in emergency resource allocation systems,resilience_of_asset,projected,projected-c184,0.3549,227
Build digital business continuity capacity for SMEs and micro-enterprises,digital_for_resilience,projected,projected-c036,0.3843,438
Issue digital identity credentials to displaced and crisis-affected populations lacking documentation,digital_for_resilience,projected,projected-c232,0.5524,437
Design social registries with dynamic expansion capability for rapid shock response,digital_for_resilience,projected,projected-c250,0.3965,300
Deploy digital disease surveillance and epidemic intelligence platforms,digital_for_resilience,projected,projected-c124,0.2345,298
Build digital food security early warning and anticipatory action systems,digital_for_resilience,projected,projected-c186,0.3717,326
"Develop urban geospatial risk data platforms integrating hazard, exposure, and vulnerability layers",digital_for_resilience,projected,projected-c199,0.3077,255
Deploy AI and machine learning models for disaster nowcasting and short-range prediction,digital_for_resilience,projected,projected-c319,0.2601,458
Deploy AI-automated building-level damage assessment using satellite and drone imagery,digital_for_resilience,projected,projected-c173,0.2279,385
Use anonymized mobile network data for real-time population displacement tracking during disasters,digital_for_resilience,projected,projected-c124,0.3589,298
Support community-owned mesh networks and locally maintained connectivity infrastructure,resilience_of_asset,projected,projected-c235,0.3470,376
Deploy SCADA and IoT monitoring systems for water utility resilience,digital_for_resilience,projected,projected-c081,0.2148,335
Install digital instrumentation and remote monitoring for dam safety,digital_for_resilience,projected,projected-c093,0.2225,357
Implement digital platforms for port and maritime supply chain resilience,digital_for_resilience,projected,projected-c277,0.3119,514
"Establish sector-specific OT cybersecurity frameworks for energy, water, and transport systems",resilience_of_asset,projected,projected-c004,0.3116,714
Develop cybersecurity governance and data protection frameworks for health sector digital systems,resilience_of_asset,projected,projected-c283,0.3306,335
Establish regulatory frameworks for LEO satellite connectivity as emergency backup,resilience_of_asset,projected,projected-c304,0.3855,244
Develop sovereign cloud and data residency policies for government continuity,resilience_of_asset,projected,projected-c169,0.4084,228
Establish regional frameworks for cross-border digital resilience cooperation,resilience_of_asset,projected,projected-c040,0.4767,316
Integrate digital climate risk analytics into public financial management systems,digital_for_resilience,projected,projected-c199,0.5058,255
Develop and regularly test government ICT business continuity and disaster recovery plans,resilience_of_asset,projected,projected-c085,0.3717,245
Provide emergency connectivity to displaced populations in humanitarian settings,digital_for_resilience,projected,projected-c183,0.4751,233
Deploy digital tools for climate-adapted livestock management and pastoral early warning,digital_for_resilience,projected,projected-c122,0.4749,250
Deploy rapid digital household welfare tracking for post-disaster needs assessment,digital_for_resilience,projected,projected-c266,0.3723,375
